date,value,series_id,indicator_name,category
2025-01-01,318.961,CPIAUCSL,Consumer_Price_Index,Economy
2025-02-01,319.679,CPIAUCSL,Consumer_Price_Index,Economy
2025-03-01,319.785,CPIAUCSL,Consumer_Price_Index,Economy
2025-04-01,320.302,CPIAUCSL,Consumer_Price_Index,Economy
2025-05-01,320.62,CPIAUCSL,Consumer_Price_Index,Economy
2025-06-01,321.435,CPIAUCSL,Consumer_Price_Index,Economy
2025-07-01,322.169,CPIAUCSL,Consumer_Price_Index,Economy
2025-08-01,323.291,CPIAUCSL,Consumer_Price_Index,Economy
2025-09-01,324.245,CPIAUCSL,Consumer_Price_Index,Economy
2025-11-01,325.063,CPIAUCSL,Consumer_Price_Index,Economy
2025-12-01,326.031,CPIAUCSL,Consumer_Price_Index,Economy
2026-01-01,326.588,CPIAUCSL,Consumer_Price_Index,Economy
2026-02-01,327.46,CPIAUCSL,Consumer_Price_Index,Economy
2026-03-01,330.293,CPIAUCSL,Consumer_Price_Index,Economy
2026-04-01,332.407,CPIAUCSL,Consumer_Price_Index,Economy
2026-05-01,333.979,CPIAUCSL,Consumer_Price_Index,Economy
2026-06-01,332.568,CPIAUCSL,Consumer_Price_Index,Economy
2026-07-01,332.813,CPIAUCSL,Consumer_Price_Index,Economy
2026-08-01,334.131,CPIAUCSL,Consumer_Price_Index,Economy
2025-01-01,4.0,UNRATE,Unemployment_Rate,Economy
2025-02-01,4.2,UNRATE,Unemployment_Rate,Economy
2025-03-01,4.2,UNRATE,Unemployment_Rate,Economy
2025-04-01,4.2,UNRATE,Unemployment_Rate,Economy
2025-05-01,4.3,UNRATE,Unemployment_Rate,Economy
2025-06-01,4.1,UNRATE,Unemployment_Rate,Economy
2025-07-01,4.3,UNRATE,Unemployment_Rate,Economy
2025-08-01,4.3,UNRATE,Unemployment_Rate,Economy
2025-09-01,4.4,UNRATE,Unemployment_Rate,Economy
2025-11-01,4.5,UNRATE,Unemployment_Rate,Economy
2025-12-01,4.4,UNRATE,Unemployment_Rate,Economy
2026-01-01,4.3,UNRATE,Unemployment_Rate,Economy
2026-02-01,4.4,UNRATE,Unemployment_Rate,Economy
2026-03-01,4.3,UNRATE,Unemployment_Rate,Economy
2026-04-01,4.3,UNRATE,Unemployment_Rate,Economy
2026-05-01,4.3,UNRATE,Unemployment_Rate,Economy
2026-06-01,4.2,UNRATE,Unemployment_Rate,Economy
2026-07-01,4.1,UNRATE,Unemployment_Rate,Economy
2026-08-01,4.1,UNRATE,Unemployment_Rate,Economy
2025-01-01,4.33,FEDFUNDS,Federal_Funds_Rate,Economy
2025-02-01,4.33,FEDFUNDS,Federal_Funds_Rate,Economy
2025-03-01,4.33,FEDFUNDS,Federal_Funds_Rate,Economy
2025-04-01,4.33,FEDFUNDS,Federal_Funds_Rate,Economy
2025-05-01,4.33,FEDFUNDS,Federal_Funds_Rate,Economy
2025-06-01,4.33,FEDFUNDS,Federal_Funds_Rate,Economy
2025-07-01,4.33,FEDFUNDS,Federal_Funds_Rate,Economy
2025-08-01,4.33,FEDFUNDS,Federal_Funds_Rate,Economy
2025-09-01,4.22,FEDFUNDS,Federal_Funds_Rate,Economy
2025-10-01,4.09,FEDFUNDS,Federal_Funds_Rate,Economy
2025-11-01,3.88,FEDFUNDS,Federal_Funds_Rate,Economy
2025-12-01,3.72,FEDFUNDS,Federal_Funds_Rate,Economy
2026-01-01,3.64,FEDFUNDS,Federal_Funds_Rate,Economy
2026-02-01,3.64,FEDFUNDS,Federal_Funds_Rate,Economy
2026-03-01,3.64,FEDFUNDS,Federal_Funds_Rate,Economy
2026-04-01,3.64,FEDFUNDS,Federal_Funds_Rate,Economy
2026-05-01,3.63,FEDFUNDS,Federal_Funds_Rate,Economy
2026-06-01,3.63,FEDFUNDS,Federal_Funds_Rate,Economy
2026-07-01,3.63,FEDFUNDS,Federal_Funds_Rate,Economy
2026-08-01,3.63,FEDFUNDS,Federal_Funds_Rate,Economy
2025-01-02,0.32,T10Y2Y,Yield_Curve_Spread_10Y2Y,Finance
2025-01-03,0.32,T10Y2Y,Yield_Curve_Spread_10Y2Y,Finance
2025-01-06,0.34,T10Y2Y,Yield_Curve_Spread_10Y2Y,Finance
2025-01-07,0.37,T10Y2Y,Yield_Curve_Spread_10Y2Y,Finance
2025-01-08,0.39,T10Y2Y,Yield_Curve_Spread_10Y2Y,Finance
2025-01-09,0.41,T10Y2Y,Yield_Curve_Spread_10Y2Y,Finance
2025-01-10,0.37,T10Y2Y,Yield_Curve_Spread_10Y2Y,Finance
2025-01-13,0.39,T10Y2Y,Yield_Curve_Spread_10Y2Y,Finance
2025-01-14,0.41,T10Y2Y,Yield_Curve_Spread_10Y2Y,Finance
2025-01-15,0.39,T10Y2Y,Yield_Curve_Spread_10Y2Y,Finance
2025-01-16,0.38,T10Y2Y,Yield_Curve_Spread_10Y2Y,Finance
2025-01-17,0.34,T10Y2Y,Yield_Curve_Spread_10Y2Y,Finance
2025-01-21,0.28,T10Y2Y,Yield_Curve_Spread_10Y2Y,Finance
2025-01-22,0.31,T10Y2Y,Yield_Curve_Spread_10Y2Y,Finance
2025-01-23,0.36,T10Y2Y,Yield_Curve_Spread_10Y2Y,Finance
2025-01-24,0.36,T10Y2Y,Yield_Curve_Spread_10Y2Y,Finance
2025-01-27,0.36,T10Y2Y,Yield_Curve_Spread_10Y2Y,Finance
2025-01-28,0.36,T10Y2Y,Yield_Curve_Spread_10Y2Y,Finance
2025-01-29,0.34,T10Y2Y,Yield_Curve_Spread_10Y2Y,Finance
2025-01-30,0.34,T10Y2Y,Yield_Curve_Spread_10Y2Y,Finance
2025-01-31,0.36,T10Y2Y,Yield_Curve_Spread_10Y2Y,Finance
2025-02-03,0.28,T10Y2Y,Yield_Curve_Spread_10Y2Y,Finance
2025-02-04,0.31,T10Y2Y,Yield_Curve_Spread_10Y2Y,Finance
2025-02-05,0.26,T10Y2Y,Yield_Curve_Spread_10Y2Y,Finance
2025-02-06,0.24,T10Y2Y,Yield_Curve_Spread_10Y2Y,Finance
2025-02-07,0.2,T10Y2Y,Yield_Curve_Spread_10Y2Y,Finance
2025-02-10,0.23,T10Y2Y,Yield_Curve_Spread_10Y2Y,Finance
2025-02-11,0.25,T10Y2Y,Yield_Curve_Spread_10Y2Y,Finance
2025-02-12,0.26,T10Y2Y,Yield_Curve_Spread_10Y2Y,Finance
2025-02-13,0.21,T10Y2Y,Yield_Curve_Spread_10Y2Y,Finance
2025-02-14,0.21,T10Y2Y,Yield_Curve_Spread_10Y2Y,Finance
2025-02-18,0.26,T10Y2Y,Yield_Curve_Spread_10Y2Y,Finance
2025-02-19,0.25,T10Y2Y,Yield_Curve_Spread_10Y2Y,Finance
2025-02-20,0.22,T10Y2Y,Yield_Curve_Spread_10Y2Y,Finance
2025-02-21,0.23,T10Y2Y,Yield_Curve_Spread_10Y2Y,Finance
2025-02-24,0.27,T10Y2Y,Yield_Curve_Spread_10Y2Y,Finance
2025-02-25,0.23,T10Y2Y,Yield_Curve_Spread_10Y2Y,Finance
2025-02-26,0.2,T10Y2Y,Yield_Curve_Spread_10Y2Y,Finance
2025-02-27,0.22,T10Y2Y,Yield_Curve_Spread_10Y2Y,Finance
2025-02-28,0.25,T10Y2Y,Yield_Curve_Spread_10Y2Y,Finance
2025-03-03,0.2,T10Y2Y,Yield_Curve_Spread_10Y2Y,Finance
2025-03-04,0.26,T10Y2Y,Yield_Curve_Spread_10Y2Y,Finance
2025-03-05,0.29,T10Y2Y,Yield_Curve_Spread_10Y2Y,Finance
2025-03-06,0.33,T10Y2Y,Yield_Curve_Spread_10Y2Y,Finance
2025-03-07,0.33,T10Y2Y,Yield_Curve_Spread_10Y2Y,Finance
2025-03-10,0.33,T10Y2Y,Yield_Curve_Spread_10Y2Y,Finance
2025-03-11,0.34,T10Y2Y,Yield_Curve_Spread_10Y2Y,Finance
2025-03-12,0.31,T10Y2Y,Yield_Curve_Spread_10Y2Y,Finance
2025-03-13,0.33,T10Y2Y,Yield_Curve_Spread_10Y2Y,Finance
2025-03-14,0.29,T10Y2Y,Yield_Curve_Spread_10Y2Y,Finance
2025-03-17,0.25,T10Y2Y,Yield_Curve_Spread_10Y2Y,Finance
2025-03-18,0.25,T10Y2Y,Yield_Curve_Spread_10Y2Y,Finance
2025-03-19,0.26,T10Y2Y,Yield_Curve_Spread_10Y2Y,Finance
2025-03-20,0.29,T10Y2Y,Yield_Curve_Spread_10Y2Y,Finance
2025-03-21,0.31,T10Y2Y,Yield_Curve_Spread_10Y2Y,Finance
2025-03-24,0.3,T10Y2Y,Yield_Curve_Spread_10Y2Y,Finance
2025-03-25,0.35,T10Y2Y,Yield_Curve_Spread_10Y2Y,Finance
2025-03-26,0.37,T10Y2Y,Yield_Curve_Spread_10Y2Y,Finance
2025-03-27,0.41,T10Y2Y,Yield_Curve_Spread_10Y2Y,Finance
2025-03-28,0.38,T10Y2Y,Yield_Curve_Spread_10Y2Y,Finance
2025-03-31,0.34,T10Y2Y,Yield_Curve_Spread_10Y2Y,Finance
2025-04-01,0.3,T10Y2Y,Yield_Curve_Spread_10Y2Y,Finance
2025-04-02,0.29,T10Y2Y,Yield_Curve_Spread_10Y2Y,Finance
2025-04-03,0.35,T10Y2Y,Yield_Curve_Spread_10Y2Y,Finance
2025-04-04,0.33,T10Y2Y,Yield_Curve_Spread_10Y2Y,Finance
2025-04-07,0.42,T10Y2Y,Yield_Curve_Spread_10Y2Y,Finance
2025-04-08,0.55,T10Y2Y,Yield_Curve_Spread_10Y2Y,Finance
2025-04-09,0.43,T10Y2Y,Yield_Curve_Spread_10Y2Y,Finance
2025-04-10,0.56,T10Y2Y,Yield_Curve_Spread_10Y2Y,Finance
2025-04-11,0.52,T10Y2Y,Yield_Curve_Spread_10Y2Y,Finance
2025-04-14,0.54,T10Y2Y,Yield_Curve_Spread_10Y2Y,Finance
2025-04-15,0.51,T10Y2Y,Yield_Curve_Spread_10Y2Y,Finance
2025-04-16,0.52,T10Y2Y,Yield_Curve_Spread_10Y2Y,Finance
2025-04-17,0.53,T10Y2Y,Yield_Curve_Spread_10Y2Y,Finance
2025-04-21,0.67,T10Y2Y,Yield_Curve_Spread_10Y2Y,Finance
2025-04-22,0.65,T10Y2Y,Yield_Curve_Spread_10Y2Y,Finance
2025-04-23,0.59,T10Y2Y,Yield_Curve_Spread_10Y2Y,Finance
2025-04-24,0.55,T10Y2Y,Yield_Curve_Spread_10Y2Y,Finance
2025-04-25,0.55,T10Y2Y,Yield_Curve_Spread_10Y2Y,Finance
2025-04-28,0.56,T10Y2Y,Yield_Curve_Spread_10Y2Y,Finance
2025-04-29,0.54,T10Y2Y,Yield_Curve_Spread_10Y2Y,Finance
2025-04-30,0.57,T10Y2Y,Yield_Curve_Spread_10Y2Y,Finance
2025-05-01,0.55,T10Y2Y,Yield_Curve_Spread_10Y2Y,Finance
2025-05-02,0.5,T10Y2Y,Yield_Curve_Spread_10Y2Y,Finance
2025-05-05,0.53,T10Y2Y,Yield_Curve_Spread_10Y2Y,Finance
2025-05-06,0.52,T10Y2Y,Yield_Curve_Spread_10Y2Y,Finance
2025-05-07,0.48,T10Y2Y,Yield_Curve_Spread_10Y2Y,Finance
2025-05-08,0.47,T10Y2Y,Yield_Curve_Spread_10Y2Y,Finance
2025-05-09,0.49,T10Y2Y,Yield_Curve_Spread_10Y2Y,Finance
2025-05-12,0.47,T10Y2Y,Yield_Curve_Spread_10Y2Y,Finance
2025-05-13,0.47,T10Y2Y,Yield_Curve_Spread_10Y2Y,Finance
2025-05-14,0.48,T10Y2Y,Yield_Curve_Spread_10Y2Y,Finance
2025-05-15,0.49,T10Y2Y,Yield_Curve_Spread_10Y2Y,Finance
2025-05-16,0.45,T10Y2Y,Yield_Curve_Spread_10Y2Y,Finance
2025-05-19,0.49,T10Y2Y,Yield_Curve_Spread_10Y2Y,Finance
2025-05-20,0.51,T10Y2Y,Yield_Curve_Spread_10Y2Y,Finance
2025-05-21,0.58,T10Y2Y,Yield_Curve_Spread_10Y2Y,Finance
2025-05-22,0.54,T10Y2Y,Yield_Curve_Spread_10Y2Y,Finance
2025-05-23,0.51,T10Y2Y,Yield_Curve_Spread_10Y2Y,Finance
2025-05-27,0.51,T10Y2Y,Yield_Curve_Spread_10Y2Y,Finance
2025-05-28,0.51,T10Y2Y,Yield_Curve_Spread_10Y2Y,Finance
2025-05-29,0.51,T10Y2Y,Yield_Curve_Spread_10Y2Y,Finance
2025-05-30,0.52,T10Y2Y,Yield_Curve_Spread_10Y2Y,Finance
2025-06-02,0.52,T10Y2Y,Yield_Curve_Spread_10Y2Y,Finance
2025-06-03,0.5,T10Y2Y,Yield_Curve_Spread_10Y2Y,Finance
2025-06-04,0.5,T10Y2Y,Yield_Curve_Spread_10Y2Y,Finance
2025-06-05,0.48,T10Y2Y,Yield_Curve_Spread_10Y2Y,Finance
2025-06-06,0.47,T10Y2Y,Yield_Curve_Spread_10Y2Y,Finance
2025-06-09,0.48,T10Y2Y,Yield_Curve_Spread_10Y2Y,Finance
2025-06-10,0.46,T10Y2Y,Yield_Curve_Spread_10Y2Y,Finance
2025-06-11,0.47,T10Y2Y,Yield_Curve_Spread_10Y2Y,Finance
2025-06-12,0.46,T10Y2Y,Yield_Curve_Spread_10Y2Y,Finance
2025-06-13,0.45,T10Y2Y,Yield_Curve_Spread_10Y2Y,Finance
2025-06-16,0.49,T10Y2Y,Yield_Curve_Spread_10Y2Y,Finance
2025-06-17,0.45,T10Y2Y,Yield_Curve_Spread_10Y2Y,Finance
2025-06-18,0.44,T10Y2Y,Yield_Curve_Spread_10Y2Y,Finance
2025-06-20,0.48,T10Y2Y,Yield_Curve_Spread_10Y2Y,Finance
2025-06-23,0.5,T10Y2Y,Yield_Curve_Spread_10Y2Y,Finance
2025-06-24,0.55,T10Y2Y,Yield_Curve_Spread_10Y2Y,Finance
2025-06-25,0.55,T10Y2Y,Yield_Curve_Spread_10Y2Y,Finance
2025-06-26,0.56,T10Y2Y,Yield_Curve_Spread_10Y2Y,Finance
2025-06-27,0.56,T10Y2Y,Yield_Curve_Spread_10Y2Y,Finance
2025-06-30,0.52,T10Y2Y,Yield_Curve_Spread_10Y2Y,Finance
2025-07-01,0.48,T10Y2Y,Yield_Curve_Spread_10Y2Y,Finance
2025-07-02,0.52,T10Y2Y,Yield_Curve_Spread_10Y2Y,Finance
2025-07-03,0.47,T10Y2Y,Yield_Curve_Spread_10Y2Y,Finance
2025-07-07,0.5,T10Y2Y,Yield_Curve_Spread_10Y2Y,Finance
2025-07-08,0.52,T10Y2Y,Yield_Curve_Spread_10Y2Y,Finance
2025-07-09,0.48,T10Y2Y,Yield_Curve_Spread_10Y2Y,Finance
2025-07-10,0.49,T10Y2Y,Yield_Curve_Spread_10Y2Y,Finance
2025-07-11,0.53,T10Y2Y,Yield_Curve_Spread_10Y2Y,Finance
2025-07-14,0.53,T10Y2Y,Yield_Curve_Spread_10Y2Y,Finance
2025-07-15,0.55,T10Y2Y,Yield_Curve_Spread_10Y2Y,Finance
2025-07-16,0.58,T10Y2Y,Yield_Curve_Spread_10Y2Y,Finance
2025-07-17,0.56,T10Y2Y,Yield_Curve_Spread_10Y2Y,Finance
2025-07-18,0.56,T10Y2Y,Yield_Curve_Spread_10Y2Y,Finance
2025-07-21,0.53,T10Y2Y,Yield_Curve_Spread_10Y2Y,Finance
2025-07-22,0.52,T10Y2Y,Yield_Curve_Spread_10Y2Y,Finance
2025-07-23,0.52,T10Y2Y,Yield_Curve_Spread_10Y2Y,Finance
2025-07-24,0.52,T10Y2Y,Yield_Curve_Spread_10Y2Y,Finance
2025-07-25,0.49,T10Y2Y,Yield_Curve_Spread_10Y2Y,Finance
2025-07-28,0.51,T10Y2Y,Yield_Curve_Spread_10Y2Y,Finance
2025-07-29,0.48,T10Y2Y,Yield_Curve_Spread_10Y2Y,Finance
2025-07-30,0.44,T10Y2Y,Yield_Curve_Spread_10Y2Y,Finance
2025-07-31,0.43,T10Y2Y,Yield_Curve_Spread_10Y2Y,Finance
2025-08-01,0.54,T10Y2Y,Yield_Curve_Spread_10Y2Y,Finance
2025-08-04,0.53,T10Y2Y,Yield_Curve_Spread_10Y2Y,Finance
2025-08-05,0.5,T10Y2Y,Yield_Curve_Spread_10Y2Y,Finance
2025-08-06,0.53,T10Y2Y,Yield_Curve_Spread_10Y2Y,Finance
2025-08-07,0.51,T10Y2Y,Yield_Curve_Spread_10Y2Y,Finance
2025-08-08,0.51,T10Y2Y,Yield_Curve_Spread_10Y2Y,Finance
2025-08-11,0.51,T10Y2Y,Yield_Curve_Spread_10Y2Y,Finance
2025-08-12,0.57,T10Y2Y,Yield_Curve_Spread_10Y2Y,Finance
2025-08-13,0.57,T10Y2Y,Yield_Curve_Spread_10Y2Y,Finance
2025-08-14,0.55,T10Y2Y,Yield_Curve_Spread_10Y2Y,Finance
2025-08-15,0.58,T10Y2Y,Yield_Curve_Spread_10Y2Y,Finance
2025-08-18,0.57,T10Y2Y,Yield_Curve_Spread_10Y2Y,Finance
2025-08-19,0.55,T10Y2Y,Yield_Curve_Spread_10Y2Y,Finance
2025-08-20,0.55,T10Y2Y,Yield_Curve_Spread_10Y2Y,Finance
2025-08-21,0.54,T10Y2Y,Yield_Curve_Spread_10Y2Y,Finance
2025-08-22,0.58,T10Y2Y,Yield_Curve_Spread_10Y2Y,Finance
2025-08-25,0.55,T10Y2Y,Yield_Curve_Spread_10Y2Y,Finance
2025-08-26,0.65,T10Y2Y,Yield_Curve_Spread_10Y2Y,Finance
2025-08-27,0.65,T10Y2Y,Yield_Curve_Spread_10Y2Y,Finance
2025-08-28,0.6,T10Y2Y,Yield_Curve_Spread_10Y2Y,Finance
2025-08-29,0.64,T10Y2Y,Yield_Curve_Spread_10Y2Y,Finance
2025-09-02,0.62,T10Y2Y,Yield_Curve_Spread_10Y2Y,Finance
2025-09-03,0.61,T10Y2Y,Yield_Curve_Spread_10Y2Y,Finance
2025-09-04,0.58,T10Y2Y,Yield_Curve_Spread_10Y2Y,Finance
2025-09-05,0.59,T10Y2Y,Yield_Curve_Spread_10Y2Y,Finance
2025-09-08,0.56,T10Y2Y,Yield_Curve_Spread_10Y2Y,Finance
2025-09-09,0.54,T10Y2Y,Yield_Curve_Spread_10Y2Y,Finance
2025-09-10,0.5,T10Y2Y,Yield_Curve_Spread_10Y2Y,Finance
2025-09-11,0.49,T10Y2Y,Yield_Curve_Spread_10Y2Y,Finance
2025-09-12,0.5,T10Y2Y,Yield_Curve_Spread_10Y2Y,Finance
2025-09-15,0.51,T10Y2Y,Yield_Curve_Spread_10Y2Y,Finance
2025-09-16,0.53,T10Y2Y,Yield_Curve_Spread_10Y2Y,Finance
2025-09-17,0.54,T10Y2Y,Yield_Curve_Spread_10Y2Y,Finance
2025-09-18,0.54,T10Y2Y,Yield_Curve_Spread_10Y2Y,Finance
2025-09-19,0.57,T10Y2Y,Yield_Curve_Spread_10Y2Y,Finance
2025-09-22,0.54,T10Y2Y,Yield_Curve_Spread_10Y2Y,Finance
2025-09-23,0.59,T10Y2Y,Yield_Curve_Spread_10Y2Y,Finance
2025-09-24,0.59,T10Y2Y,Yield_Curve_Spread_10Y2Y,Finance
2025-09-25,0.54,T10Y2Y,Yield_Curve_Spread_10Y2Y,Finance
2025-09-26,0.57,T10Y2Y,Yield_Curve_Spread_10Y2Y,Finance
2025-09-29,0.52,T10Y2Y,Yield_Curve_Spread_10Y2Y,Finance
2025-09-30,0.56,T10Y2Y,Yield_Curve_Spread_10Y2Y,Finance
2025-10-01,0.57,T10Y2Y,Yield_Curve_Spread_10Y2Y,Finance
2025-10-02,0.55,T10Y2Y,Yield_Curve_Spread_10Y2Y,Finance
2025-10-03,0.55,T10Y2Y,Yield_Curve_Spread_10Y2Y,Finance
2025-10-06,0.58,T10Y2Y,Yield_Curve_Spread_10Y2Y,Finance
2025-10-07,0.57,T10Y2Y,Yield_Curve_Spread_10Y2Y,Finance
2025-10-08,0.55,T10Y2Y,Yield_Curve_Spread_10Y2Y,Finance
2025-10-09,0.54,T10Y2Y,Yield_Curve_Spread_10Y2Y,Finance
2025-10-10,0.53,T10Y2Y,Yield_Curve_Spread_10Y2Y,Finance
2025-10-14,0.55,T10Y2Y,Yield_Curve_Spread_10Y2Y,Finance
2025-10-15,0.55,T10Y2Y,Yield_Curve_Spread_10Y2Y,Finance
2025-10-16,0.58,T10Y2Y,Yield_Curve_Spread_10Y2Y,Finance
2025-10-17,0.56,T10Y2Y,Yield_Curve_Spread_10Y2Y,Finance
2025-10-20,0.54,T10Y2Y,Yield_Curve_Spread_10Y2Y,Finance
2025-10-21,0.53,T10Y2Y,Yield_Curve_Spread_10Y2Y,Finance
2025-10-22,0.52,T10Y2Y,Yield_Curve_Spread_10Y2Y,Finance
2025-10-23,0.53,T10Y2Y,Yield_Curve_Spread_10Y2Y,Finance
2025-10-24,0.54,T10Y2Y,Yield_Curve_Spread_10Y2Y,Finance
2025-10-27,0.53,T10Y2Y,Yield_Curve_Spread_10Y2Y,Finance
2025-10-28,0.52,T10Y2Y,Yield_Curve_Spread_10Y2Y,Finance
2025-10-29,0.49,T10Y2Y,Yield_Curve_Spread_10Y2Y,Finance
2025-10-30,0.5,T10Y2Y,Yield_Curve_Spread_10Y2Y,Finance
2025-10-31,0.51,T10Y2Y,Yield_Curve_Spread_10Y2Y,Finance
2025-11-03,0.53,T10Y2Y,Yield_Curve_Spread_10Y2Y,Finance
2025-11-04,0.52,T10Y2Y,Yield_Curve_Spread_10Y2Y,Finance
2025-11-05,0.54,T10Y2Y,Yield_Curve_Spread_10Y2Y,Finance
2025-11-06,0.54,T10Y2Y,Yield_Curve_Spread_10Y2Y,Finance
2025-11-07,0.56,T10Y2Y,Yield_Curve_Spread_10Y2Y,Finance
2025-11-10,0.55,T10Y2Y,Yield_Curve_Spread_10Y2Y,Finance
2025-11-12,0.52,T10Y2Y,Yield_Curve_Spread_10Y2Y,Finance
2025-11-13,0.53,T10Y2Y,Yield_Curve_Spread_10Y2Y,Finance
2025-11-14,0.52,T10Y2Y,Yield_Curve_Spread_10Y2Y,Finance
2025-11-17,0.53,T10Y2Y,Yield_Curve_Spread_10Y2Y,Finance
2025-11-18,0.54,T10Y2Y,Yield_Curve_Spread_10Y2Y,Finance
2025-11-19,0.55,T10Y2Y,Yield_Curve_Spread_10Y2Y,Finance
2025-11-20,0.55,T10Y2Y,Yield_Curve_Spread_10Y2Y,Finance
2025-11-21,0.55,T10Y2Y,Yield_Curve_Spread_10Y2Y,Finance
2025-11-24,0.58,T10Y2Y,Yield_Curve_Spread_10Y2Y,Finance
2025-11-25,0.58,T10Y2Y,Yield_Curve_Spread_10Y2Y,Finance
2025-11-26,0.55,T10Y2Y,Yield_Curve_Spread_10Y2Y,Finance
2025-11-28,0.55,T10Y2Y,Yield_Curve_Spread_10Y2Y,Finance
2025-12-01,0.55,T10Y2Y,Yield_Curve_Spread_10Y2Y,Finance
2025-12-02,0.58,T10Y2Y,Yield_Curve_Spread_10Y2Y,Finance
2025-12-03,0.57,T10Y2Y,Yield_Curve_Spread_10Y2Y,Finance
2025-12-04,0.59,T10Y2Y,Yield_Curve_Spread_10Y2Y,Finance
2025-12-05,0.58,T10Y2Y,Yield_Curve_Spread_10Y2Y,Finance
2025-12-08,0.6,T10Y2Y,Yield_Curve_Spread_10Y2Y,Finance
2025-12-09,0.57,T10Y2Y,Yield_Curve_Spread_10Y2Y,Finance
2025-12-10,0.59,T10Y2Y,Yield_Curve_Spread_10Y2Y,Finance
2025-12-11,0.62,T10Y2Y,Yield_Curve_Spread_10Y2Y,Finance
2025-12-12,0.67,T10Y2Y,Yield_Curve_Spread_10Y2Y,Finance
2025-12-15,0.67,T10Y2Y,Yield_Curve_Spread_10Y2Y,Finance
2025-12-16,0.67,T10Y2Y,Yield_Curve_Spread_10Y2Y,Finance
2025-12-17,0.67,T10Y2Y,Yield_Curve_Spread_10Y2Y,Finance
2025-12-18,0.66,T10Y2Y,Yield_Curve_Spread_10Y2Y,Finance
2025-12-19,0.68,T10Y2Y,Yield_Curve_Spread_10Y2Y,Finance
2025-12-22,0.73,T10Y2Y,Yield_Curve_Spread_10Y2Y,Finance
2025-12-23,0.7,T10Y2Y,Yield_Curve_Spread_10Y2Y,Finance
2025-12-24,0.68,T10Y2Y,Yield_Curve_Spread_10Y2Y,Finance
2025-12-26,0.68,T10Y2Y,Yield_Curve_Spread_10Y2Y,Finance
2025-12-29,0.67,T10Y2Y,Yield_Curve_Spread_10Y2Y,Finance
2025-12-30,0.69,T10Y2Y,Yield_Curve_Spread_10Y2Y,Finance
2025-12-31,0.71,T10Y2Y,Yield_Curve_Spread_10Y2Y,Finance
2026-01-02,0.72,T10Y2Y,Yield_Curve_Spread_10Y2Y,Finance
2026-01-05,0.71,T10Y2Y,Yield_Curve_Spread_10Y2Y,Finance
2026-01-06,0.71,T10Y2Y,Yield_Curve_Spread_10Y2Y,Finance
2026-01-07,0.68,T10Y2Y,Yield_Curve_Spread_10Y2Y,Finance
2026-01-08,0.7,T10Y2Y,Yield_Curve_Spread_10Y2Y,Finance
2026-01-09,0.64,T10Y2Y,Yield_Curve_Spread_10Y2Y,Finance
2026-01-12,0.65,T10Y2Y,Yield_Curve_Spread_10Y2Y,Finance
2026-01-13,0.65,T10Y2Y,Yield_Curve_Spread_10Y2Y,Finance
2026-01-14,0.64,T10Y2Y,Yield_Curve_Spread_10Y2Y,Finance
2026-01-15,0.61,T10Y2Y,Yield_Curve_Spread_10Y2Y,Finance
2026-01-16,0.65,T10Y2Y,Yield_Curve_Spread_10Y2Y,Finance
2026-01-20,0.7,T10Y2Y,Yield_Curve_Spread_10Y2Y,Finance
2026-01-21,0.66,T10Y2Y,Yield_Curve_Spread_10Y2Y,Finance
2026-01-22,0.65,T10Y2Y,Yield_Curve_Spread_10Y2Y,Finance
2026-01-23,0.64,T10Y2Y,Yield_Curve_Spread_10Y2Y,Finance
2026-01-26,0.66,T10Y2Y,Yield_Curve_Spread_10Y2Y,Finance
2026-01-27,0.71,T10Y2Y,Yield_Curve_Spread_10Y2Y,Finance
2026-01-28,0.7,T10Y2Y,Yield_Curve_Spread_10Y2Y,Finance
2026-01-29,0.71,T10Y2Y,Yield_Curve_Spread_10Y2Y,Finance
2026-01-30,0.74,T10Y2Y,Yield_Curve_Spread_10Y2Y,Finance
2026-02-02,0.72,T10Y2Y,Yield_Curve_Spread_10Y2Y,Finance
2026-02-03,0.71,T10Y2Y,Yield_Curve_Spread_10Y2Y,Finance
2026-02-04,0.72,T10Y2Y,Yield_Curve_Spread_10Y2Y,Finance
2026-02-05,0.74,T10Y2Y,Yield_Curve_Spread_10Y2Y,Finance
2026-02-06,0.72,T10Y2Y,Yield_Curve_Spread_10Y2Y,Finance
2026-02-09,0.74,T10Y2Y,Yield_Curve_Spread_10Y2Y,Finance
2026-02-10,0.71,T10Y2Y,Yield_Curve_Spread_10Y2Y,Finance
2026-02-11,0.66,T10Y2Y,Yield_Curve_Spread_10Y2Y,Finance
2026-02-12,0.62,T10Y2Y,Yield_Curve_Spread_10Y2Y,Finance
2026-02-13,0.64,T10Y2Y,Yield_Curve_Spread_10Y2Y,Finance
2026-02-17,0.62,T10Y2Y,Yield_Curve_Spread_10Y2Y,Finance
2026-02-18,0.62,T10Y2Y,Yield_Curve_Spread_10Y2Y,Finance
2026-02-19,0.61,T10Y2Y,Yield_Curve_Spread_10Y2Y,Finance
2026-02-20,0.6,T10Y2Y,Yield_Curve_Spread_10Y2Y,Finance
2026-02-23,0.6,T10Y2Y,Yield_Curve_Spread_10Y2Y,Finance
2026-02-24,0.61,T10Y2Y,Yield_Curve_Spread_10Y2Y,Finance
2026-02-25,0.6,T10Y2Y,Yield_Curve_Spread_10Y2Y,Finance
2026-02-26,0.6,T10Y2Y,Yield_Curve_Spread_10Y2Y,Finance
2026-02-27,0.59,T10Y2Y,Yield_Curve_Spread_10Y2Y,Finance
2026-03-02,0.58,T10Y2Y,Yield_Curve_Spread_10Y2Y,Finance
2026-03-03,0.55,T10Y2Y,Yield_Curve_Spread_10Y2Y,Finance
2026-03-04,0.55,T10Y2Y,Yield_Curve_Spread_10Y2Y,Finance
2026-03-05,0.56,T10Y2Y,Yield_Curve_Spread_10Y2Y,Finance
2026-03-06,0.59,T10Y2Y,Yield_Curve_Spread_10Y2Y,Finance
2026-03-09,0.56,T10Y2Y,Yield_Curve_Spread_10Y2Y,Finance
2026-03-10,0.58,T10Y2Y,Yield_Curve_Spread_10Y2Y,Finance
2026-03-11,0.57,T10Y2Y,Yield_Curve_Spread_10Y2Y,Finance
2026-03-12,0.51,T10Y2Y,Yield_Curve_Spread_10Y2Y,Finance
2026-03-13,0.55,T10Y2Y,Yield_Curve_Spread_10Y2Y,Finance
2026-03-16,0.55,T10Y2Y,Yield_Curve_Spread_10Y2Y,Finance
2026-03-17,0.52,T10Y2Y,Yield_Curve_Spread_10Y2Y,Finance
2026-03-18,0.5,T10Y2Y,Yield_Curve_Spread_10Y2Y,Finance
2026-03-19,0.46,T10Y2Y,Yield_Curve_Spread_10Y2Y,Finance
2026-03-20,0.51,T10Y2Y,Yield_Curve_Spread_10Y2Y,Finance
2026-03-23,0.51,T10Y2Y,Yield_Curve_Spread_10Y2Y,Finance
2026-03-24,0.49,T10Y2Y,Yield_Curve_Spread_10Y2Y,Finance
2026-03-25,0.49,T10Y2Y,Yield_Curve_Spread_10Y2Y,Finance
2026-03-26,0.46,T10Y2Y,Yield_Curve_Spread_10Y2Y,Finance
2026-03-27,0.56,T10Y2Y,Yield_Curve_Spread_10Y2Y,Finance
2026-03-30,0.53,T10Y2Y,Yield_Curve_Spread_10Y2Y,Finance
2026-03-31,0.51,T10Y2Y,Yield_Curve_Spread_10Y2Y,Finance
2026-04-01,0.52,T10Y2Y,Yield_Curve_Spread_10Y2Y,Finance
2026-04-02,0.52,T10Y2Y,Yield_Curve_Spread_10Y2Y,Finance
2026-04-03,0.51,T10Y2Y,Yield_Curve_Spread_10Y2Y,Finance
2026-04-06,0.5,T10Y2Y,Yield_Curve_Spread_10Y2Y,Finance
2026-04-07,0.52,T10Y2Y,Yield_Curve_Spread_10Y2Y,Finance
2026-04-08,0.5,T10Y2Y,Yield_Curve_Spread_10Y2Y,Finance
2026-04-09,0.51,T10Y2Y,Yield_Curve_Spread_10Y2Y,Finance
2026-04-10,0.5,T10Y2Y,Yield_Curve_Spread_10Y2Y,Finance
2026-04-13,0.52,T10Y2Y,Yield_Curve_Spread_10Y2Y,Finance
2026-04-14,0.5,T10Y2Y,Yield_Curve_Spread_10Y2Y,Finance
2026-04-15,0.53,T10Y2Y,Yield_Curve_Spread_10Y2Y,Finance
2026-04-16,0.54,T10Y2Y,Yield_Curve_Spread_10Y2Y,Finance
2026-04-17,0.55,T10Y2Y,Yield_Curve_Spread_10Y2Y,Finance
2026-04-20,0.54,T10Y2Y,Yield_Curve_Spread_10Y2Y,Finance
2026-04-21,0.52,T10Y2Y,Yield_Curve_Spread_10Y2Y,Finance
2026-04-22,0.51,T10Y2Y,Yield_Curve_Spread_10Y2Y,Finance
2026-04-23,0.51,T10Y2Y,Yield_Curve_Spread_10Y2Y,Finance
2026-04-24,0.53,T10Y2Y,Yield_Curve_Spread_10Y2Y,Finance
2026-04-27,0.57,T10Y2Y,Yield_Curve_Spread_10Y2Y,Finance
2026-04-28,0.52,T10Y2Y,Yield_Curve_Spread_10Y2Y,Finance
2026-04-29,0.5,T10Y2Y,Yield_Curve_Spread_10Y2Y,Finance
2026-04-30,0.52,T10Y2Y,Yield_Curve_Spread_10Y2Y,Finance
2026-05-01,0.51,T10Y2Y,Yield_Curve_Spread_10Y2Y,Finance
2026-05-04,0.5,T10Y2Y,Yield_Curve_Spread_10Y2Y,Finance
2026-05-05,0.5,T10Y2Y,Yield_Curve_Spread_10Y2Y,Finance
2026-05-06,0.49,T10Y2Y,Yield_Curve_Spread_10Y2Y,Finance
2026-05-07,0.49,T10Y2Y,Yield_Curve_Spread_10Y2Y,Finance
2026-05-08,0.48,T10Y2Y,Yield_Curve_Spread_10Y2Y,Finance
2026-05-11,0.47,T10Y2Y,Yield_Curve_Spread_10Y2Y,Finance
2026-05-12,0.46,T10Y2Y,Yield_Curve_Spread_10Y2Y,Finance
2026-05-13,0.48,T10Y2Y,Yield_Curve_Spread_10Y2Y,Finance
2026-05-14,0.47,T10Y2Y,Yield_Curve_Spread_10Y2Y,Finance
2026-05-15,0.5,T10Y2Y,Yield_Curve_Spread_10Y2Y,Finance
2026-05-18,0.54,T10Y2Y,Yield_Curve_Spread_10Y2Y,Finance
2026-05-19,0.54,T10Y2Y,Yield_Curve_Spread_10Y2Y,Finance
2026-05-20,0.53,T10Y2Y,Yield_Curve_Spread_10Y2Y,Finance
2026-05-21,0.49,T10Y2Y,Yield_Curve_Spread_10Y2Y,Finance
2026-05-22,0.43,T10Y2Y,Yield_Curve_Spread_10Y2Y,Finance
2026-05-26,0.49,T10Y2Y,Yield_Curve_Spread_10Y2Y,Finance
2026-05-27,0.48,T10Y2Y,Yield_Curve_Spread_10Y2Y,Finance
2026-05-28,0.46,T10Y2Y,Yield_Curve_Spread_10Y2Y,Finance
2026-05-29,0.47,T10Y2Y,Yield_Curve_Spread_10Y2Y,Finance
2026-06-01,0.42,T10Y2Y,Yield_Curve_Spread_10Y2Y,Finance
2026-06-02,0.41,T10Y2Y,Yield_Curve_Spread_10Y2Y,Finance
2026-06-03,0.41,T10Y2Y,Yield_Curve_Spread_10Y2Y,Finance
2026-06-04,0.42,T10Y2Y,Yield_Curve_Spread_10Y2Y,Finance
2026-06-05,0.38,T10Y2Y,Yield_Curve_Spread_10Y2Y,Finance
2026-06-08,0.41,T10Y2Y,Yield_Curve_Spread_10Y2Y,Finance
2026-06-09,0.4,T10Y2Y,Yield_Curve_Spread_10Y2Y,Finance
2026-06-10,0.42,T10Y2Y,Yield_Curve_Spread_10Y2Y,Finance
2026-06-11,0.4,T10Y2Y,Yield_Curve_Spread_10Y2Y,Finance
2026-06-12,0.39,T10Y2Y,Yield_Curve_Spread_10Y2Y,Finance
2026-06-15,0.4,T10Y2Y,Yield_Curve_Spread_10Y2Y,Finance
2026-06-16,0.38,T10Y2Y,Yield_Curve_Spread_10Y2Y,Finance
2026-06-17,0.29,T10Y2Y,Yield_Curve_Spread_10Y2Y,Finance
2026-06-18,0.27,T10Y2Y,Yield_Curve_Spread_10Y2Y,Finance
2026-06-22,0.27,T10Y2Y,Yield_Curve_Spread_10Y2Y,Finance
2026-06-23,0.34,T10Y2Y,Yield_Curve_Spread_10Y2Y,Finance
2026-06-24,0.3,T10Y2Y,Yield_Curve_Spread_10Y2Y,Finance
2026-06-25,0.31,T10Y2Y,Yield_Curve_Spread_10Y2Y,Finance
2026-06-26,0.31,T10Y2Y,Yield_Curve_Spread_10Y2Y,Finance
2026-06-29,0.28,T10Y2Y,Yield_Curve_Spread_10Y2Y,Finance
2026-06-30,0.3,T10Y2Y,Yield_Curve_Spread_10Y2Y,Finance
2026-07-01,0.31,T10Y2Y,Yield_Curve_Spread_10Y2Y,Finance
2026-07-02,0.35,T10Y2Y,Yield_Curve_Spread_10Y2Y,Finance
2026-07-06,0.35,T10Y2Y,Yield_Curve_Spread_10Y2Y,Finance
2026-07-07,0.36,T10Y2Y,Yield_Curve_Spread_10Y2Y,Finance
2026-07-08,0.35,T10Y2Y,Yield_Curve_Spread_10Y2Y,Finance
2026-07-09,0.38,T10Y2Y,Yield_Curve_Spread_10Y2Y,Finance
2026-07-10,0.35,T10Y2Y,Yield_Curve_Spread_10Y2Y,Finance
2026-07-13,0.36,T10Y2Y,Yield_Curve_Spread_10Y2Y,Finance
2026-07-14,0.4,T10Y2Y,Yield_Curve_Spread_10Y2Y,Finance
2026-07-15,0.42,T10Y2Y,Yield_Curve_Spread_10Y2Y,Finance
2026-07-16,0.41,T10Y2Y,Yield_Curve_Spread_10Y2Y,Finance
2026-07-17,0.37,T10Y2Y,Yield_Curve_Spread_10Y2Y,Finance
2026-07-20,0.39,T10Y2Y,Yield_Curve_Spread_10Y2Y,Finance
2026-07-21,0.37,T10Y2Y,Yield_Curve_Spread_10Y2Y,Finance
2026-07-22,0.36,T10Y2Y,Yield_Curve_Spread_10Y2Y,Finance
2026-07-23,0.34,T10Y2Y,Yield_Curve_Spread_10Y2Y,Finance
2026-07-24,0.36,T10Y2Y,Yield_Curve_Spread_10Y2Y,Finance
2026-07-27,0.34,T10Y2Y,Yield_Curve_Spread_10Y2Y,Finance
2026-07-28,0.35,T10Y2Y,Yield_Curve_Spread_10Y2Y,Finance
2026-07-29,0.45,T10Y2Y,Yield_Curve_Spread_10Y2Y,Finance
2026-07-30,0.45,T10Y2Y,Yield_Curve_Spread_10Y2Y,Finance
2026-07-31,0.47,T10Y2Y,Yield_Curve_Spread_10Y2Y,Finance
2026-08-03,0.45,T10Y2Y,Yield_Curve_Spread_10Y2Y,Finance
2026-08-04,0.43,T10Y2Y,Yield_Curve_Spread_10Y2Y,Finance
2026-08-05,0.45,T10Y2Y,Yield_Curve_Spread_10Y2Y,Finance
2026-08-06,0.44,T10Y2Y,Yield_Curve_Spread_10Y2Y,Finance
2026-08-07,0.46,T10Y2Y,Yield_Curve_Spread_10Y2Y,Finance
2026-08-10,0.47,T10Y2Y,Yield_Curve_Spread_10Y2Y,Finance
2026-08-11,0.48,T10Y2Y,Yield_Curve_Spread_10Y2Y,Finance
2026-08-12,0.48,T10Y2Y,Yield_Curve_Spread_10Y2Y,Finance
2026-08-13,0.48,T10Y2Y,Yield_Curve_Spread_10Y2Y,Finance
2026-08-14,0.51,T10Y2Y,Yield_Curve_Spread_10Y2Y,Finance
2026-08-17,0.53,T10Y2Y,Yield_Curve_Spread_10Y2Y,Finance
2026-08-18,0.52,T10Y2Y,Yield_Curve_Spread_10Y2Y,Finance
2026-08-19,0.46,T10Y2Y,Yield_Curve_Spread_10Y2Y,Finance
2026-08-20,0.5,T10Y2Y,Yield_Curve_Spread_10Y2Y,Finance
2026-08-21,0.5,T10Y2Y,Yield_Curve_Spread_10Y2Y,Finance
2026-08-24,0.46,T10Y2Y,Yield_Curve_Spread_10Y2Y,Finance
2026-08-25,0.47,T10Y2Y,Yield_Curve_Spread_10Y2Y,Finance
2026-08-26,0.47,T10Y2Y,Yield_Curve_Spread_10Y2Y,Finance
2026-08-27,0.47,T10Y2Y,Yield_Curve_Spread_10Y2Y,Finance
2026-08-28,0.39,T10Y2Y,Yield_Curve_Spread_10Y2Y,Finance
2026-08-31,0.41,T10Y2Y,Yield_Curve_Spread_10Y2Y,Finance
2026-09-01,0.4,T10Y2Y,Yield_Curve_Spread_10Y2Y,Finance
2026-09-02,0.4,T10Y2Y,Yield_Curve_Spread_10Y2Y,Finance
2026-09-03,0.43,T10Y2Y,Yield_Curve_Spread_10Y2Y,Finance
2026-09-04,0.41,T10Y2Y,Yield_Curve_Spread_10Y2Y,Finance
2026-09-08,0.41,T10Y2Y,Yield_Curve_Spread_10Y2Y,Finance
2026-09-09,0.4,T10Y2Y,Yield_Curve_Spread_10Y2Y,Finance
2026-09-10,0.39,T10Y2Y,Yield_Curve_Spread_10Y2Y,Finance
2026-09-11,0.33,T10Y2Y,Yield_Curve_Spread_10Y2Y,Finance
2026-09-14,0.32,T10Y2Y,Yield_Curve_Spread_10Y2Y,Finance
2026-09-15,0.33,T10Y2Y,Yield_Curve_Spread_10Y2Y,Finance
2026-09-16,0.27,T10Y2Y,Yield_Curve_Spread_10Y2Y,Finance
2026-09-17,0.27,T10Y2Y,Yield_Curve_Spread_10Y2Y,Finance
2025-01-02,4.57,DGS10,Treasury_Yield_10Y,Finance
2025-01-03,4.6,DGS10,Treasury_Yield_10Y,Finance
2025-01-06,4.62,DGS10,Treasury_Yield_10Y,Finance
2025-01-07,4.67,DGS10,Treasury_Yield_10Y,Finance
2025-01-08,4.67,DGS10,Treasury_Yield_10Y,Finance
2025-01-09,4.68,DGS10,Treasury_Yield_10Y,Finance
2025-01-10,4.77,DGS10,Treasury_Yield_10Y,Finance
2025-01-13,4.79,DGS10,Treasury_Yield_10Y,Finance
2025-01-14,4.78,DGS10,Treasury_Yield_10Y,Finance
2025-01-15,4.66,DGS10,Treasury_Yield_10Y,Finance
2025-01-16,4.61,DGS10,Treasury_Yield_10Y,Finance
2025-01-17,4.61,DGS10,Treasury_Yield_10Y,Finance
2025-01-21,4.57,DGS10,Treasury_Yield_10Y,Finance
2025-01-22,4.6,DGS10,Treasury_Yield_10Y,Finance
2025-01-23,4.65,DGS10,Treasury_Yield_10Y,Finance
2025-01-24,4.63,DGS10,Treasury_Yield_10Y,Finance
2025-01-27,4.53,DGS10,Treasury_Yield_10Y,Finance
2025-01-28,4.55,DGS10,Treasury_Yield_10Y,Finance
2025-01-29,4.55,DGS10,Treasury_Yield_10Y,Finance
2025-01-30,4.52,DGS10,Treasury_Yield_10Y,Finance
2025-01-31,4.58,DGS10,Treasury_Yield_10Y,Finance
2025-02-03,4.54,DGS10,Treasury_Yield_10Y,Finance
2025-02-04,4.52,DGS10,Treasury_Yield_10Y,Finance
2025-02-05,4.43,DGS10,Treasury_Yield_10Y,Finance
2025-02-06,4.45,DGS10,Treasury_Yield_10Y,Finance
2025-02-07,4.49,DGS10,Treasury_Yield_10Y,Finance
2025-02-10,4.51,DGS10,Treasury_Yield_10Y,Finance
2025-02-11,4.54,DGS10,Treasury_Yield_10Y,Finance
2025-02-12,4.62,DGS10,Treasury_Yield_10Y,Finance
2025-02-13,4.52,DGS10,Treasury_Yield_10Y,Finance
2025-02-14,4.47,DGS10,Treasury_Yield_10Y,Finance
2025-02-18,4.55,DGS10,Treasury_Yield_10Y,Finance
2025-02-19,4.53,DGS10,Treasury_Yield_10Y,Finance
2025-02-20,4.5,DGS10,Treasury_Yield_10Y,Finance
2025-02-21,4.42,DGS10,Treasury_Yield_10Y,Finance
2025-02-24,4.4,DGS10,Treasury_Yield_10Y,Finance
2025-02-25,4.3,DGS10,Treasury_Yield_10Y,Finance
2025-02-26,4.25,DGS10,Treasury_Yield_10Y,Finance
2025-02-27,4.29,DGS10,Treasury_Yield_10Y,Finance
2025-02-28,4.24,DGS10,Treasury_Yield_10Y,Finance
2025-03-03,4.16,DGS10,Treasury_Yield_10Y,Finance
2025-03-04,4.22,DGS10,Treasury_Yield_10Y,Finance
2025-03-05,4.28,DGS10,Treasury_Yield_10Y,Finance
2025-03-06,4.29,DGS10,Treasury_Yield_10Y,Finance
2025-03-07,4.32,DGS10,Treasury_Yield_10Y,Finance
2025-03-10,4.22,DGS10,Treasury_Yield_10Y,Finance
2025-03-11,4.28,DGS10,Treasury_Yield_10Y,Finance
2025-03-12,4.32,DGS10,Treasury_Yield_10Y,Finance
2025-03-13,4.27,DGS10,Treasury_Yield_10Y,Finance
2025-03-14,4.31,DGS10,Treasury_Yield_10Y,Finance
2025-03-17,4.31,DGS10,Treasury_Yield_10Y,Finance
2025-03-18,4.29,DGS10,Treasury_Yield_10Y,Finance
2025-03-19,4.25,DGS10,Treasury_Yield_10Y,Finance
2025-03-20,4.24,DGS10,Treasury_Yield_10Y,Finance
2025-03-21,4.25,DGS10,Treasury_Yield_10Y,Finance
2025-03-24,4.34,DGS10,Treasury_Yield_10Y,Finance
2025-03-25,4.31,DGS10,Treasury_Yield_10Y,Finance
2025-03-26,4.35,DGS10,Treasury_Yield_10Y,Finance
2025-03-27,4.38,DGS10,Treasury_Yield_10Y,Finance
2025-03-28,4.27,DGS10,Treasury_Yield_10Y,Finance
2025-03-31,4.23,DGS10,Treasury_Yield_10Y,Finance
2025-04-01,4.17,DGS10,Treasury_Yield_10Y,Finance
2025-04-02,4.2,DGS10,Treasury_Yield_10Y,Finance
2025-04-03,4.06,DGS10,Treasury_Yield_10Y,Finance
2025-04-04,4.01,DGS10,Treasury_Yield_10Y,Finance
2025-04-07,4.15,DGS10,Treasury_Yield_10Y,Finance
2025-04-08,4.26,DGS10,Treasury_Yield_10Y,Finance
2025-04-09,4.34,DGS10,Treasury_Yield_10Y,Finance
2025-04-10,4.4,DGS10,Treasury_Yield_10Y,Finance
2025-04-11,4.48,DGS10,Treasury_Yield_10Y,Finance
2025-04-14,4.38,DGS10,Treasury_Yield_10Y,Finance
2025-04-15,4.35,DGS10,Treasury_Yield_10Y,Finance
2025-04-16,4.29,DGS10,Treasury_Yield_10Y,Finance
2025-04-17,4.34,DGS10,Treasury_Yield_10Y,Finance
2025-04-21,4.42,DGS10,Treasury_Yield_10Y,Finance
2025-04-22,4.41,DGS10,Treasury_Yield_10Y,Finance
2025-04-23,4.4,DGS10,Treasury_Yield_10Y,Finance
2025-04-24,4.32,DGS10,Treasury_Yield_10Y,Finance
2025-04-25,4.29,DGS10,Treasury_Yield_10Y,Finance
2025-04-28,4.23,DGS10,Treasury_Yield_10Y,Finance
2025-04-29,4.19,DGS10,Treasury_Yield_10Y,Finance
2025-04-30,4.17,DGS10,Treasury_Yield_10Y,Finance
2025-05-01,4.25,DGS10,Treasury_Yield_10Y,Finance
2025-05-02,4.33,DGS10,Treasury_Yield_10Y,Finance
2025-05-05,4.36,DGS10,Treasury_Yield_10Y,Finance
2025-05-06,4.3,DGS10,Treasury_Yield_10Y,Finance
2025-05-07,4.26,DGS10,Treasury_Yield_10Y,Finance
2025-05-08,4.37,DGS10,Treasury_Yield_10Y,Finance
2025-05-09,4.37,DGS10,Treasury_Yield_10Y,Finance
2025-05-12,4.45,DGS10,Treasury_Yield_10Y,Finance
2025-05-13,4.49,DGS10,Treasury_Yield_10Y,Finance
2025-05-14,4.53,DGS10,Treasury_Yield_10Y,Finance
2025-05-15,4.45,DGS10,Treasury_Yield_10Y,Finance
2025-05-16,4.43,DGS10,Treasury_Yield_10Y,Finance
2025-05-19,4.46,DGS10,Treasury_Yield_10Y,Finance
2025-05-20,4.48,DGS10,Treasury_Yield_10Y,Finance
2025-05-21,4.58,DGS10,Treasury_Yield_10Y,Finance
2025-05-22,4.54,DGS10,Treasury_Yield_10Y,Finance
2025-05-23,4.51,DGS10,Treasury_Yield_10Y,Finance
2025-05-27,4.43,DGS10,Treasury_Yield_10Y,Finance
2025-05-28,4.47,DGS10,Treasury_Yield_10Y,Finance
2025-05-29,4.43,DGS10,Treasury_Yield_10Y,Finance
2025-05-30,4.41,DGS10,Treasury_Yield_10Y,Finance
2025-06-02,4.46,DGS10,Treasury_Yield_10Y,Finance
2025-06-03,4.46,DGS10,Treasury_Yield_10Y,Finance
2025-06-04,4.37,DGS10,Treasury_Yield_10Y,Finance
2025-06-05,4.4,DGS10,Treasury_Yield_10Y,Finance
2025-06-06,4.51,DGS10,Treasury_Yield_10Y,Finance
2025-06-09,4.49,DGS10,Treasury_Yield_10Y,Finance
2025-06-10,4.47,DGS10,Treasury_Yield_10Y,Finance
2025-06-11,4.41,DGS10,Treasury_Yield_10Y,Finance
2025-06-12,4.36,DGS10,Treasury_Yield_10Y,Finance
2025-06-13,4.41,DGS10,Treasury_Yield_10Y,Finance
2025-06-16,4.46,DGS10,Treasury_Yield_10Y,Finance
2025-06-17,4.39,DGS10,Treasury_Yield_10Y,Finance
2025-06-18,4.38,DGS10,Treasury_Yield_10Y,Finance
2025-06-20,4.38,DGS10,Treasury_Yield_10Y,Finance
2025-06-23,4.34,DGS10,Treasury_Yield_10Y,Finance
2025-06-24,4.3,DGS10,Treasury_Yield_10Y,Finance
2025-06-25,4.29,DGS10,Treasury_Yield_10Y,Finance
2025-06-26,4.26,DGS10,Treasury_Yield_10Y,Finance
2025-06-27,4.29,DGS10,Treasury_Yield_10Y,Finance
2025-06-30,4.24,DGS10,Treasury_Yield_10Y,Finance
2025-07-01,4.26,DGS10,Treasury_Yield_10Y,Finance
2025-07-02,4.3,DGS10,Treasury_Yield_10Y,Finance
2025-07-03,4.35,DGS10,Treasury_Yield_10Y,Finance
2025-07-07,4.4,DGS10,Treasury_Yield_10Y,Finance
2025-07-08,4.42,DGS10,Treasury_Yield_10Y,Finance
2025-07-09,4.34,DGS10,Treasury_Yield_10Y,Finance
2025-07-10,4.35,DGS10,Treasury_Yield_10Y,Finance
2025-07-11,4.43,DGS10,Treasury_Yield_10Y,Finance
2025-07-14,4.43,DGS10,Treasury_Yield_10Y,Finance
2025-07-15,4.5,DGS10,Treasury_Yield_10Y,Finance
2025-07-16,4.46,DGS10,Treasury_Yield_10Y,Finance
2025-07-17,4.47,DGS10,Treasury_Yield_10Y,Finance
2025-07-18,4.44,DGS10,Treasury_Yield_10Y,Finance
2025-07-21,4.38,DGS10,Treasury_Yield_10Y,Finance
2025-07-22,4.35,DGS10,Treasury_Yield_10Y,Finance
2025-07-23,4.4,DGS10,Treasury_Yield_10Y,Finance
2025-07-24,4.43,DGS10,Treasury_Yield_10Y,Finance
2025-07-25,4.4,DGS10,Treasury_Yield_10Y,Finance
2025-07-28,4.42,DGS10,Treasury_Yield_10Y,Finance
2025-07-29,4.34,DGS10,Treasury_Yield_10Y,Finance
2025-07-30,4.38,DGS10,Treasury_Yield_10Y,Finance
2025-07-31,4.37,DGS10,Treasury_Yield_10Y,Finance
2025-08-01,4.23,DGS10,Treasury_Yield_10Y,Finance
2025-08-04,4.22,DGS10,Treasury_Yield_10Y,Finance
2025-08-05,4.22,DGS10,Treasury_Yield_10Y,Finance
2025-08-06,4.22,DGS10,Treasury_Yield_10Y,Finance
2025-08-07,4.23,DGS10,Treasury_Yield_10Y,Finance
2025-08-08,4.27,DGS10,Treasury_Yield_10Y,Finance
2025-08-11,4.27,DGS10,Treasury_Yield_10Y,Finance
2025-08-12,4.29,DGS10,Treasury_Yield_10Y,Finance
2025-08-13,4.24,DGS10,Treasury_Yield_10Y,Finance
2025-08-14,4.29,DGS10,Treasury_Yield_10Y,Finance
2025-08-15,4.33,DGS10,Treasury_Yield_10Y,Finance
2025-08-18,4.34,DGS10,Treasury_Yield_10Y,Finance
2025-08-19,4.3,DGS10,Treasury_Yield_10Y,Finance
2025-08-20,4.29,DGS10,Treasury_Yield_10Y,Finance
2025-08-21,4.33,DGS10,Treasury_Yield_10Y,Finance
2025-08-22,4.26,DGS10,Treasury_Yield_10Y,Finance
2025-08-25,4.28,DGS10,Treasury_Yield_10Y,Finance
2025-08-26,4.26,DGS10,Treasury_Yield_10Y,Finance
2025-08-27,4.24,DGS10,Treasury_Yield_10Y,Finance
2025-08-28,4.22,DGS10,Treasury_Yield_10Y,Finance
2025-08-29,4.23,DGS10,Treasury_Yield_10Y,Finance
2025-09-02,4.28,DGS10,Treasury_Yield_10Y,Finance
2025-09-03,4.22,DGS10,Treasury_Yield_10Y,Finance
2025-09-04,4.17,DGS10,Treasury_Yield_10Y,Finance
2025-09-05,4.1,DGS10,Treasury_Yield_10Y,Finance
2025-09-08,4.05,DGS10,Treasury_Yield_10Y,Finance
2025-09-09,4.08,DGS10,Treasury_Yield_10Y,Finance
2025-09-10,4.04,DGS10,Treasury_Yield_10Y,Finance
2025-09-11,4.01,DGS10,Treasury_Yield_10Y,Finance
2025-09-12,4.06,DGS10,Treasury_Yield_10Y,Finance
2025-09-15,4.05,DGS10,Treasury_Yield_10Y,Finance
2025-09-16,4.04,DGS10,Treasury_Yield_10Y,Finance
2025-09-17,4.06,DGS10,Treasury_Yield_10Y,Finance
2025-09-18,4.11,DGS10,Treasury_Yield_10Y,Finance
2025-09-19,4.14,DGS10,Treasury_Yield_10Y,Finance
2025-09-22,4.15,DGS10,Treasury_Yield_10Y,Finance
2025-09-23,4.12,DGS10,Treasury_Yield_10Y,Finance
2025-09-24,4.16,DGS10,Treasury_Yield_10Y,Finance
2025-09-25,4.18,DGS10,Treasury_Yield_10Y,Finance
2025-09-26,4.2,DGS10,Treasury_Yield_10Y,Finance
2025-09-29,4.15,DGS10,Treasury_Yield_10Y,Finance
2025-09-30,4.16,DGS10,Treasury_Yield_10Y,Finance
2025-10-01,4.12,DGS10,Treasury_Yield_10Y,Finance
2025-10-02,4.1,DGS10,Treasury_Yield_10Y,Finance
2025-10-03,4.13,DGS10,Treasury_Yield_10Y,Finance
2025-10-06,4.18,DGS10,Treasury_Yield_10Y,Finance
2025-10-07,4.14,DGS10,Treasury_Yield_10Y,Finance
2025-10-08,4.13,DGS10,Treasury_Yield_10Y,Finance
2025-10-09,4.14,DGS10,Treasury_Yield_10Y,Finance
2025-10-10,4.05,DGS10,Treasury_Yield_10Y,Finance
2025-10-14,4.03,DGS10,Treasury_Yield_10Y,Finance
2025-10-15,4.05,DGS10,Treasury_Yield_10Y,Finance
2025-10-16,3.99,DGS10,Treasury_Yield_10Y,Finance
2025-10-17,4.02,DGS10,Treasury_Yield_10Y,Finance
2025-10-20,4.0,DGS10,Treasury_Yield_10Y,Finance
2025-10-21,3.98,DGS10,Treasury_Yield_10Y,Finance
2025-10-22,3.97,DGS10,Treasury_Yield_10Y,Finance
2025-10-23,4.01,DGS10,Treasury_Yield_10Y,Finance
2025-10-24,4.02,DGS10,Treasury_Yield_10Y,Finance
2025-10-27,4.01,DGS10,Treasury_Yield_10Y,Finance
2025-10-28,3.99,DGS10,Treasury_Yield_10Y,Finance
2025-10-29,4.08,DGS10,Treasury_Yield_10Y,Finance
2025-10-30,4.11,DGS10,Treasury_Yield_10Y,Finance
2025-10-31,4.11,DGS10,Treasury_Yield_10Y,Finance
2025-11-03,4.13,DGS10,Treasury_Yield_10Y,Finance
2025-11-04,4.1,DGS10,Treasury_Yield_10Y,Finance
2025-11-05,4.17,DGS10,Treasury_Yield_10Y,Finance
2025-11-06,4.11,DGS10,Treasury_Yield_10Y,Finance
2025-11-07,4.11,DGS10,Treasury_Yield_10Y,Finance
2025-11-10,4.13,DGS10,Treasury_Yield_10Y,Finance
2025-11-12,4.08,DGS10,Treasury_Yield_10Y,Finance
2025-11-13,4.11,DGS10,Treasury_Yield_10Y,Finance
2025-11-14,4.14,DGS10,Treasury_Yield_10Y,Finance
2025-11-17,4.13,DGS10,Treasury_Yield_10Y,Finance
2025-11-18,4.12,DGS10,Treasury_Yield_10Y,Finance
2025-11-19,4.13,DGS10,Treasury_Yield_10Y,Finance
2025-11-20,4.1,DGS10,Treasury_Yield_10Y,Finance
2025-11-21,4.06,DGS10,Treasury_Yield_10Y,Finance
2025-11-24,4.04,DGS10,Treasury_Yield_10Y,Finance
2025-11-25,4.01,DGS10,Treasury_Yield_10Y,Finance
2025-11-26,4.0,DGS10,Treasury_Yield_10Y,Finance
2025-11-28,4.02,DGS10,Treasury_Yield_10Y,Finance
2025-12-01,4.09,DGS10,Treasury_Yield_10Y,Finance
2025-12-02,4.09,DGS10,Treasury_Yield_10Y,Finance
2025-12-03,4.06,DGS10,Treasury_Yield_10Y,Finance
2025-12-04,4.11,DGS10,Treasury_Yield_10Y,Finance
2025-12-05,4.14,DGS10,Treasury_Yield_10Y,Finance
2025-12-08,4.17,DGS10,Treasury_Yield_10Y,Finance
2025-12-09,4.18,DGS10,Treasury_Yield_10Y,Finance
2025-12-10,4.13,DGS10,Treasury_Yield_10Y,Finance
2025-12-11,4.14,DGS10,Treasury_Yield_10Y,Finance
2025-12-12,4.19,DGS10,Treasury_Yield_10Y,Finance
2025-12-15,4.18,DGS10,Treasury_Yield_10Y,Finance
2025-12-16,4.15,DGS10,Treasury_Yield_10Y,Finance
2025-12-17,4.16,DGS10,Treasury_Yield_10Y,Finance
2025-12-18,4.12,DGS10,Treasury_Yield_10Y,Finance
2025-12-19,4.16,DGS10,Treasury_Yield_10Y,Finance
2025-12-22,4.17,DGS10,Treasury_Yield_10Y,Finance
2025-12-23,4.18,DGS10,Treasury_Yield_10Y,Finance
2025-12-24,4.15,DGS10,Treasury_Yield_10Y,Finance
2025-12-26,4.14,DGS10,Treasury_Yield_10Y,Finance
2025-12-29,4.12,DGS10,Treasury_Yield_10Y,Finance
2025-12-30,4.14,DGS10,Treasury_Yield_10Y,Finance
2025-12-31,4.18,DGS10,Treasury_Yield_10Y,Finance
2026-01-02,4.19,DGS10,Treasury_Yield_10Y,Finance
2026-01-05,4.17,DGS10,Treasury_Yield_10Y,Finance
2026-01-06,4.18,DGS10,Treasury_Yield_10Y,Finance
2026-01-07,4.15,DGS10,Treasury_Yield_10Y,Finance
2026-01-08,4.19,DGS10,Treasury_Yield_10Y,Finance
2026-01-09,4.18,DGS10,Treasury_Yield_10Y,Finance
2026-01-12,4.19,DGS10,Treasury_Yield_10Y,Finance
2026-01-13,4.18,DGS10,Treasury_Yield_10Y,Finance
2026-01-14,4.15,DGS10,Treasury_Yield_10Y,Finance
2026-01-15,4.17,DGS10,Treasury_Yield_10Y,Finance
2026-01-16,4.24,DGS10,Treasury_Yield_10Y,Finance
2026-01-20,4.3,DGS10,Treasury_Yield_10Y,Finance
2026-01-21,4.26,DGS10,Treasury_Yield_10Y,Finance
2026-01-22,4.26,DGS10,Treasury_Yield_10Y,Finance
2026-01-23,4.24,DGS10,Treasury_Yield_10Y,Finance
2026-01-26,4.22,DGS10,Treasury_Yield_10Y,Finance
2026-01-27,4.24,DGS10,Treasury_Yield_10Y,Finance
2026-01-28,4.26,DGS10,Treasury_Yield_10Y,Finance
2026-01-29,4.24,DGS10,Treasury_Yield_10Y,Finance
2026-01-30,4.26,DGS10,Treasury_Yield_10Y,Finance
2026-02-02,4.29,DGS10,Treasury_Yield_10Y,Finance
2026-02-03,4.28,DGS10,Treasury_Yield_10Y,Finance
2026-02-04,4.29,DGS10,Treasury_Yield_10Y,Finance
2026-02-05,4.21,DGS10,Treasury_Yield_10Y,Finance
2026-02-06,4.22,DGS10,Treasury_Yield_10Y,Finance
2026-02-09,4.22,DGS10,Treasury_Yield_10Y,Finance
2026-02-10,4.16,DGS10,Treasury_Yield_10Y,Finance
2026-02-11,4.18,DGS10,Treasury_Yield_10Y,Finance
2026-02-12,4.09,DGS10,Treasury_Yield_10Y,Finance
2026-02-13,4.04,DGS10,Treasury_Yield_10Y,Finance
2026-02-17,4.05,DGS10,Treasury_Yield_10Y,Finance
2026-02-18,4.09,DGS10,Treasury_Yield_10Y,Finance
2026-02-19,4.08,DGS10,Treasury_Yield_10Y,Finance
2026-02-20,4.08,DGS10,Treasury_Yield_10Y,Finance
2026-02-23,4.03,DGS10,Treasury_Yield_10Y,Finance
2026-02-24,4.04,DGS10,Treasury_Yield_10Y,Finance
2026-02-25,4.05,DGS10,Treasury_Yield_10Y,Finance
2026-02-26,4.02,DGS10,Treasury_Yield_10Y,Finance
2026-02-27,3.97,DGS10,Treasury_Yield_10Y,Finance
2026-03-02,4.05,DGS10,Treasury_Yield_10Y,Finance
2026-03-03,4.06,DGS10,Treasury_Yield_10Y,Finance
2026-03-04,4.09,DGS10,Treasury_Yield_10Y,Finance
2026-03-05,4.13,DGS10,Treasury_Yield_10Y,Finance
2026-03-06,4.15,DGS10,Treasury_Yield_10Y,Finance
2026-03-09,4.12,DGS10,Treasury_Yield_10Y,Finance
2026-03-10,4.15,DGS10,Treasury_Yield_10Y,Finance
2026-03-11,4.21,DGS10,Treasury_Yield_10Y,Finance
2026-03-12,4.27,DGS10,Treasury_Yield_10Y,Finance
2026-03-13,4.28,DGS10,Treasury_Yield_10Y,Finance
2026-03-16,4.23,DGS10,Treasury_Yield_10Y,Finance
2026-03-17,4.2,DGS10,Treasury_Yield_10Y,Finance
2026-03-18,4.26,DGS10,Treasury_Yield_10Y,Finance
2026-03-19,4.25,DGS10,Treasury_Yield_10Y,Finance
2026-03-20,4.39,DGS10,Treasury_Yield_10Y,Finance
2026-03-23,4.34,DGS10,Treasury_Yield_10Y,Finance
2026-03-24,4.39,DGS10,Treasury_Yield_10Y,Finance
2026-03-25,4.33,DGS10,Treasury_Yield_10Y,Finance
2026-03-26,4.42,DGS10,Treasury_Yield_10Y,Finance
2026-03-27,4.44,DGS10,Treasury_Yield_10Y,Finance
2026-03-30,4.35,DGS10,Treasury_Yield_10Y,Finance
2026-03-31,4.3,DGS10,Treasury_Yield_10Y,Finance
2026-04-01,4.33,DGS10,Treasury_Yield_10Y,Finance
2026-04-02,4.31,DGS10,Treasury_Yield_10Y,Finance
2026-04-03,4.35,DGS10,Treasury_Yield_10Y,Finance
2026-04-06,4.34,DGS10,Treasury_Yield_10Y,Finance
2026-04-07,4.33,DGS10,Treasury_Yield_10Y,Finance
2026-04-08,4.29,DGS10,Treasury_Yield_10Y,Finance
2026-04-09,4.29,DGS10,Treasury_Yield_10Y,Finance
2026-04-10,4.31,DGS10,Treasury_Yield_10Y,Finance
2026-04-13,4.3,DGS10,Treasury_Yield_10Y,Finance
2026-04-14,4.26,DGS10,Treasury_Yield_10Y,Finance
2026-04-15,4.29,DGS10,Treasury_Yield_10Y,Finance
2026-04-16,4.32,DGS10,Treasury_Yield_10Y,Finance
2026-04-17,4.26,DGS10,Treasury_Yield_10Y,Finance
2026-04-20,4.26,DGS10,Treasury_Yield_10Y,Finance
2026-04-21,4.3,DGS10,Treasury_Yield_10Y,Finance
2026-04-22,4.3,DGS10,Treasury_Yield_10Y,Finance
2026-04-23,4.34,DGS10,Treasury_Yield_10Y,Finance
2026-04-24,4.31,DGS10,Treasury_Yield_10Y,Finance
2026-04-27,4.35,DGS10,Treasury_Yield_10Y,Finance
2026-04-28,4.36,DGS10,Treasury_Yield_10Y,Finance
2026-04-29,4.42,DGS10,Treasury_Yield_10Y,Finance
2026-04-30,4.4,DGS10,Treasury_Yield_10Y,Finance
2026-05-01,4.39,DGS10,Treasury_Yield_10Y,Finance
2026-05-04,4.45,DGS10,Treasury_Yield_10Y,Finance
2026-05-05,4.43,DGS10,Treasury_Yield_10Y,Finance
2026-05-06,4.36,DGS10,Treasury_Yield_10Y,Finance
2026-05-07,4.41,DGS10,Treasury_Yield_10Y,Finance
2026-05-08,4.38,DGS10,Treasury_Yield_10Y,Finance
2026-05-11,4.42,DGS10,Treasury_Yield_10Y,Finance
2026-05-12,4.46,DGS10,Treasury_Yield_10Y,Finance
2026-05-13,4.46,DGS10,Treasury_Yield_10Y,Finance
2026-05-14,4.47,DGS10,Treasury_Yield_10Y,Finance
2026-05-15,4.59,DGS10,Treasury_Yield_10Y,Finance
2026-05-18,4.61,DGS10,Treasury_Yield_10Y,Finance
2026-05-19,4.67,DGS10,Treasury_Yield_10Y,Finance
2026-05-20,4.57,DGS10,Treasury_Yield_10Y,Finance
2026-05-21,4.57,DGS10,Treasury_Yield_10Y,Finance
2026-05-22,4.56,DGS10,Treasury_Yield_10Y,Finance
2026-05-26,4.5,DGS10,Treasury_Yield_10Y,Finance
2026-05-27,4.48,DGS10,Treasury_Yield_10Y,Finance
2026-05-28,4.45,DGS10,Treasury_Yield_10Y,Finance
2026-05-29,4.45,DGS10,Treasury_Yield_10Y,Finance
2026-06-01,4.47,DGS10,Treasury_Yield_10Y,Finance
2026-06-02,4.46,DGS10,Treasury_Yield_10Y,Finance
2026-06-03,4.49,DGS10,Treasury_Yield_10Y,Finance
2026-06-04,4.47,DGS10,Treasury_Yield_10Y,Finance
2026-06-05,4.55,DGS10,Treasury_Yield_10Y,Finance
2026-06-08,4.56,DGS10,Treasury_Yield_10Y,Finance
2026-06-09,4.53,DGS10,Treasury_Yield_10Y,Finance
2026-06-10,4.55,DGS10,Treasury_Yield_10Y,Finance
2026-06-11,4.45,DGS10,Treasury_Yield_10Y,Finance
2026-06-12,4.48,DGS10,Treasury_Yield_10Y,Finance
2026-06-15,4.47,DGS10,Treasury_Yield_10Y,Finance
2026-06-16,4.43,DGS10,Treasury_Yield_10Y,Finance
2026-06-17,4.49,DGS10,Treasury_Yield_10Y,Finance
2026-06-18,4.46,DGS10,Treasury_Yield_10Y,Finance
2026-06-22,4.51,DGS10,Treasury_Yield_10Y,Finance
2026-06-23,4.5,DGS10,Treasury_Yield_10Y,Finance
2026-06-24,4.41,DGS10,Treasury_Yield_10Y,Finance
2026-06-25,4.4,DGS10,Treasury_Yield_10Y,Finance
2026-06-26,4.38,DGS10,Treasury_Yield_10Y,Finance
2026-06-29,4.38,DGS10,Treasury_Yield_10Y,Finance
2026-06-30,4.44,DGS10,Treasury_Yield_10Y,Finance
2026-07-01,4.48,DGS10,Treasury_Yield_10Y,Finance
2026-07-02,4.49,DGS10,Treasury_Yield_10Y,Finance
2026-07-06,4.48,DGS10,Treasury_Yield_10Y,Finance
2026-07-07,4.55,DGS10,Treasury_Yield_10Y,Finance
2026-07-08,4.56,DGS10,Treasury_Yield_10Y,Finance
2026-07-09,4.54,DGS10,Treasury_Yield_10Y,Finance
2026-07-10,4.56,DGS10,Treasury_Yield_10Y,Finance
2026-07-13,4.62,DGS10,Treasury_Yield_10Y,Finance
2026-07-14,4.58,DGS10,Treasury_Yield_10Y,Finance
2026-07-15,4.55,DGS10,Treasury_Yield_10Y,Finance
2026-07-16,4.57,DGS10,Treasury_Yield_10Y,Finance
2026-07-17,4.55,DGS10,Treasury_Yield_10Y,Finance
2026-07-20,4.6,DGS10,Treasury_Yield_10Y,Finance
2026-07-21,4.63,DGS10,Treasury_Yield_10Y,Finance
2026-07-22,4.67,DGS10,Treasury_Yield_10Y,Finance
2026-07-23,4.71,DGS10,Treasury_Yield_10Y,Finance
2026-07-24,4.69,DGS10,Treasury_Yield_10Y,Finance
2026-07-27,4.65,DGS10,Treasury_Yield_10Y,Finance
2026-07-28,4.61,DGS10,Treasury_Yield_10Y,Finance
2026-07-29,4.67,DGS10,Treasury_Yield_10Y,Finance
2026-07-30,4.68,DGS10,Treasury_Yield_10Y,Finance
2026-07-31,4.75,DGS10,Treasury_Yield_10Y,Finance
2026-08-03,4.7,DGS10,Treasury_Yield_10Y,Finance
2026-08-04,4.63,DGS10,Treasury_Yield_10Y,Finance
2026-08-05,4.63,DGS10,Treasury_Yield_10Y,Finance
2026-08-06,4.69,DGS10,Treasury_Yield_10Y,Finance
2026-08-07,4.65,DGS10,Treasury_Yield_10Y,Finance
2026-08-10,4.72,DGS10,Treasury_Yield_10Y,Finance
2026-08-11,4.7,DGS10,Treasury_Yield_10Y,Finance
2026-08-12,4.68,DGS10,Treasury_Yield_10Y,Finance
2026-08-13,4.63,DGS10,Treasury_Yield_10Y,Finance
2026-08-14,4.68,DGS10,Treasury_Yield_10Y,Finance
2026-08-17,4.72,DGS10,Treasury_Yield_10Y,Finance
2026-08-18,4.71,DGS10,Treasury_Yield_10Y,Finance
2026-08-19,4.65,DGS10,Treasury_Yield_10Y,Finance
2026-08-20,4.69,DGS10,Treasury_Yield_10Y,Finance
2026-08-21,4.74,DGS10,Treasury_Yield_10Y,Finance
2026-08-24,4.7,DGS10,Treasury_Yield_10Y,Finance
2026-08-25,4.64,DGS10,Treasury_Yield_10Y,Finance
2026-08-26,4.66,DGS10,Treasury_Yield_10Y,Finance
2026-08-27,4.67,DGS10,Treasury_Yield_10Y,Finance
2026-08-28,4.73,DGS10,Treasury_Yield_10Y,Finance
2026-08-31,4.75,DGS10,Treasury_Yield_10Y,Finance
2026-09-01,4.79,DGS10,Treasury_Yield_10Y,Finance
2026-09-02,4.79,DGS10,Treasury_Yield_10Y,Finance
2026-09-03,4.77,DGS10,Treasury_Yield_10Y,Finance
2026-09-04,4.78,DGS10,Treasury_Yield_10Y,Finance
2026-09-08,4.8,DGS10,Treasury_Yield_10Y,Finance
2026-09-09,4.83,DGS10,Treasury_Yield_10Y,Finance
2026-09-10,4.95,DGS10,Treasury_Yield_10Y,Finance
2026-09-11,4.96,DGS10,Treasury_Yield_10Y,Finance
2026-09-14,4.97,DGS10,Treasury_Yield_10Y,Finance
2026-09-15,5.0,DGS10,Treasury_Yield_10Y,Finance
2026-09-16,5.01,DGS10,Treasury_Yield_10Y,Finance
2025-01-02,129.4598,DTWEXBGS,Trade_Weighted_USD_Index,Finance
2025-01-03,129.4535,DTWEXBGS,Trade_Weighted_USD_Index,Finance
2025-01-06,128.538,DTWEXBGS,Trade_Weighted_USD_Index,Finance
2025-01-07,128.613,DTWEXBGS,Trade_Weighted_USD_Index,Finance
2025-01-08,129.0785,DTWEXBGS,Trade_Weighted_USD_Index,Finance
2025-01-09,129.2827,DTWEXBGS,Trade_Weighted_USD_Index,Finance
2025-01-10,129.8664,DTWEXBGS,Trade_Weighted_USD_Index,Finance
2025-01-13,130.0413,DTWEXBGS,Trade_Weighted_USD_Index,Finance
2025-01-14,129.3812,DTWEXBGS,Trade_Weighted_USD_Index,Finance
2025-01-15,129.2092,DTWEXBGS,Trade_Weighted_USD_Index,Finance
2025-01-16,129.436,DTWEXBGS,Trade_Weighted_USD_Index,Finance
2025-01-17,129.4859,DTWEXBGS,Trade_Weighted_USD_Index,Finance
2025-01-21,128.4151,DTWEXBGS,Trade_Weighted_USD_Index,Finance
2025-01-22,128.3402,DTWEXBGS,Trade_Weighted_USD_Index,Finance
2025-01-23,128.2162,DTWEXBGS,Trade_Weighted_USD_Index,Finance
2025-01-24,127.4611,DTWEXBGS,Trade_Weighted_USD_Index,Finance
2025-01-27,128.0912,DTWEXBGS,Trade_Weighted_USD_Index,Finance
2025-01-28,128.2817,DTWEXBGS,Trade_Weighted_USD_Index,Finance
2025-01-29,128.3418,DTWEXBGS,Trade_Weighted_USD_Index,Finance
2025-01-30,128.1004,DTWEXBGS,Trade_Weighted_USD_Index,Finance
2025-01-31,128.4828,DTWEXBGS,Trade_Weighted_USD_Index,Finance
2025-02-03,129.109,DTWEXBGS,Trade_Weighted_USD_Index,Finance
2025-02-04,128.1083,DTWEXBGS,Trade_Weighted_USD_Index,Finance
2025-02-05,127.9751,DTWEXBGS,Trade_Weighted_USD_Index,Finance
2025-02-06,128.2017,DTWEXBGS,Trade_Weighted_USD_Index,Finance
2025-02-07,128.4292,DTWEXBGS,Trade_Weighted_USD_Index,Finance
2025-02-10,128.6382,DTWEXBGS,Trade_Weighted_USD_Index,Finance
2025-02-11,128.4322,DTWEXBGS,Trade_Weighted_USD_Index,Finance
2025-02-12,128.3288,DTWEXBGS,Trade_Weighted_USD_Index,Finance
2025-02-13,127.8931,DTWEXBGS,Trade_Weighted_USD_Index,Finance
2025-02-14,127.1491,DTWEXBGS,Trade_Weighted_USD_Index,Finance
2025-02-18,127.2906,DTWEXBGS,Trade_Weighted_USD_Index,Finance
2025-02-19,127.7317,DTWEXBGS,Trade_Weighted_USD_Index,Finance
2025-02-20,127.1126,DTWEXBGS,Trade_Weighted_USD_Index,Finance
2025-02-21,127.1408,DTWEXBGS,Trade_Weighted_USD_Index,Finance
2025-02-24,127.1921,DTWEXBGS,Trade_Weighted_USD_Index,Finance
2025-02-25,127.3752,DTWEXBGS,Trade_Weighted_USD_Index,Finance
2025-02-26,127.2822,DTWEXBGS,Trade_Weighted_USD_Index,Finance
2025-02-27,127.9704,DTWEXBGS,Trade_Weighted_USD_Index,Finance
2025-02-28,128.2805,DTWEXBGS,Trade_Weighted_USD_Index,Finance
2025-03-03,127.75,DTWEXBGS,Trade_Weighted_USD_Index,Finance
2025-03-04,127.9966,DTWEXBGS,Trade_Weighted_USD_Index,Finance
2025-03-05,126.504,DTWEXBGS,Trade_Weighted_USD_Index,Finance
2025-03-06,126.1099,DTWEXBGS,Trade_Weighted_USD_Index,Finance
2025-03-07,125.9814,DTWEXBGS,Trade_Weighted_USD_Index,Finance
2025-03-10,126.268,DTWEXBGS,Trade_Weighted_USD_Index,Finance
2025-03-11,126.0457,DTWEXBGS,Trade_Weighted_USD_Index,Finance
2025-03-12,125.8664,DTWEXBGS,Trade_Weighted_USD_Index,Finance
2025-03-13,126.0031,DTWEXBGS,Trade_Weighted_USD_Index,Finance
2025-03-14,125.6942,DTWEXBGS,Trade_Weighted_USD_Index,Finance
2025-03-17,125.3688,DTWEXBGS,Trade_Weighted_USD_Index,Finance
2025-03-18,125.488,DTWEXBGS,Trade_Weighted_USD_Index,Finance
2025-03-19,125.8006,DTWEXBGS,Trade_Weighted_USD_Index,Finance
2025-03-20,125.985,DTWEXBGS,Trade_Weighted_USD_Index,Finance
2025-03-21,126.2679,DTWEXBGS,Trade_Weighted_USD_Index,Finance
2025-03-24,126.1956,DTWEXBGS,Trade_Weighted_USD_Index,Finance
2025-03-25,126.0535,DTWEXBGS,Trade_Weighted_USD_Index,Finance
2025-03-26,126.2364,DTWEXBGS,Trade_Weighted_USD_Index,Finance
2025-03-27,126.3626,DTWEXBGS,Trade_Weighted_USD_Index,Finance
2025-03-28,126.4187,DTWEXBGS,Trade_Weighted_USD_Index,Finance
2025-03-31,126.7075,DTWEXBGS,Trade_Weighted_USD_Index,Finance
2025-04-01,126.4338,DTWEXBGS,Trade_Weighted_USD_Index,Finance
2025-04-02,126.3811,DTWEXBGS,Trade_Weighted_USD_Index,Finance
2025-04-03,124.7316,DTWEXBGS,Trade_Weighted_USD_Index,Finance
2025-04-04,125.8129,DTWEXBGS,Trade_Weighted_USD_Index,Finance
2025-04-07,126.8282,DTWEXBGS,Trade_Weighted_USD_Index,Finance
2025-04-08,126.8668,DTWEXBGS,Trade_Weighted_USD_Index,Finance
2025-04-09,126.628,DTWEXBGS,Trade_Weighted_USD_Index,Finance
2025-04-10,125.089,DTWEXBGS,Trade_Weighted_USD_Index,Finance
2025-04-11,124.0163,DTWEXBGS,Trade_Weighted_USD_Index,Finance
2025-04-14,123.6598,DTWEXBGS,Trade_Weighted_USD_Index,Finance
2025-04-15,123.776,DTWEXBGS,Trade_Weighted_USD_Index,Finance
2025-04-16,123.2724,DTWEXBGS,Trade_Weighted_USD_Index,Finance
2025-04-17,123.1298,DTWEXBGS,Trade_Weighted_USD_Index,Finance
2025-04-18,122.9865,DTWEXBGS,Trade_Weighted_USD_Index,Finance
2025-04-21,122.3145,DTWEXBGS,Trade_Weighted_USD_Index,Finance
2025-04-22,122.4175,DTWEXBGS,Trade_Weighted_USD_Index,Finance
2025-04-23,123.0252,DTWEXBGS,Trade_Weighted_USD_Index,Finance
2025-04-24,122.9251,DTWEXBGS,Trade_Weighted_USD_Index,Finance
2025-04-25,122.8858,DTWEXBGS,Trade_Weighted_USD_Index,Finance
2025-04-28,122.7176,DTWEXBGS,Trade_Weighted_USD_Index,Finance
2025-04-29,122.5944,DTWEXBGS,Trade_Weighted_USD_Index,Finance
2025-04-30,122.5921,DTWEXBGS,Trade_Weighted_USD_Index,Finance
2025-05-01,123.1405,DTWEXBGS,Trade_Weighted_USD_Index,Finance
2025-05-02,122.4962,DTWEXBGS,Trade_Weighted_USD_Index,Finance
2025-05-05,122.2613,DTWEXBGS,Trade_Weighted_USD_Index,Finance
2025-05-06,122.0417,DTWEXBGS,Trade_Weighted_USD_Index,Finance
2025-05-07,122.117,DTWEXBGS,Trade_Weighted_USD_Index,Finance
2025-05-08,122.7568,DTWEXBGS,Trade_Weighted_USD_Index,Finance
2025-05-09,122.5191,DTWEXBGS,Trade_Weighted_USD_Index,Finance
2025-05-12,123.4863,DTWEXBGS,Trade_Weighted_USD_Index,Finance
2025-05-13,122.9583,DTWEXBGS,Trade_Weighted_USD_Index,Finance
2025-05-14,122.6746,DTWEXBGS,Trade_Weighted_USD_Index,Finance
2025-05-15,122.8174,DTWEXBGS,Trade_Weighted_USD_Index,Finance
2025-05-16,123.0737,DTWEXBGS,Trade_Weighted_USD_Index,Finance
2025-05-19,122.4186,DTWEXBGS,Trade_Weighted_USD_Index,Finance
2025-05-20,122.3199,DTWEXBGS,Trade_Weighted_USD_Index,Finance
2025-05-21,121.7496,DTWEXBGS,Trade_Weighted_USD_Index,Finance
2025-05-22,122.0429,DTWEXBGS,Trade_Weighted_USD_Index,Finance
2025-05-23,121.3837,DTWEXBGS,Trade_Weighted_USD_Index,Finance
2025-05-27,121.6099,DTWEXBGS,Trade_Weighted_USD_Index,Finance
2025-05-28,121.9888,DTWEXBGS,Trade_Weighted_USD_Index,Finance
2025-05-29,121.5617,DTWEXBGS,Trade_Weighted_USD_Index,Finance
2025-05-30,121.7674,DTWEXBGS,Trade_Weighted_USD_Index,Finance
2025-06-02,121.1881,DTWEXBGS,Trade_Weighted_USD_Index,Finance
2025-06-03,121.4592,DTWEXBGS,Trade_Weighted_USD_Index,Finance
2025-06-04,121.0539,DTWEXBGS,Trade_Weighted_USD_Index,Finance
2025-06-05,120.9596,DTWEXBGS,Trade_Weighted_USD_Index,Finance
2025-06-06,121.161,DTWEXBGS,Trade_Weighted_USD_Index,Finance
2025-06-09,120.9103,DTWEXBGS,Trade_Weighted_USD_Index,Finance
2025-06-10,121.0485,DTWEXBGS,Trade_Weighted_USD_Index,Finance
2025-06-11,120.587,DTWEXBGS,Trade_Weighted_USD_Index,Finance
2025-06-12,120.1723,DTWEXBGS,Trade_Weighted_USD_Index,Finance
2025-06-13,120.3245,DTWEXBGS,Trade_Weighted_USD_Index,Finance
2025-06-16,120.1565,DTWEXBGS,Trade_Weighted_USD_Index,Finance
2025-06-17,120.5048,DTWEXBGS,Trade_Weighted_USD_Index,Finance
2025-06-18,120.7305,DTWEXBGS,Trade_Weighted_USD_Index,Finance
2025-06-20,121.0408,DTWEXBGS,Trade_Weighted_USD_Index,Finance
2025-06-23,121.1694,DTWEXBGS,Trade_Weighted_USD_Index,Finance
2025-06-24,120.3645,DTWEXBGS,Trade_Weighted_USD_Index,Finance
2025-06-25,120.3336,DTWEXBGS,Trade_Weighted_USD_Index,Finance
2025-06-26,119.6451,DTWEXBGS,Trade_Weighted_USD_Index,Finance
2025-06-27,119.659,DTWEXBGS,Trade_Weighted_USD_Index,Finance
2025-06-30,119.4088,DTWEXBGS,Trade_Weighted_USD_Index,Finance
2025-07-01,119.3436,DTWEXBGS,Trade_Weighted_USD_Index,Finance
2025-07-02,119.3037,DTWEXBGS,Trade_Weighted_USD_Index,Finance
2025-07-03,119.2382,DTWEXBGS,Trade_Weighted_USD_Index,Finance
2025-07-07,119.6201,DTWEXBGS,Trade_Weighted_USD_Index,Finance
2025-07-08,119.8371,DTWEXBGS,Trade_Weighted_USD_Index,Finance
2025-07-09,119.7311,DTWEXBGS,Trade_Weighted_USD_Index,Finance
2025-07-10,119.8343,DTWEXBGS,Trade_Weighted_USD_Index,Finance
2025-07-11,119.9214,DTWEXBGS,Trade_Weighted_USD_Index,Finance
2025-07-14,120.2209,DTWEXBGS,Trade_Weighted_USD_Index,Finance
2025-07-15,120.5105,DTWEXBGS,Trade_Weighted_USD_Index,Finance
2025-07-16,120.4175,DTWEXBGS,Trade_Weighted_USD_Index,Finance
2025-07-17,120.6384,DTWEXBGS,Trade_Weighted_USD_Index,Finance
2025-07-18,120.356,DTWEXBGS,Trade_Weighted_USD_Index,Finance
2025-07-21,119.9961,DTWEXBGS,Trade_Weighted_USD_Index,Finance
2025-07-22,119.681,DTWEXBGS,Trade_Weighted_USD_Index,Finance
2025-07-23,119.5697,DTWEXBGS,Trade_Weighted_USD_Index,Finance
2025-07-24,119.5664,DTWEXBGS,Trade_Weighted_USD_Index,Finance
2025-07-25,119.9857,DTWEXBGS,Trade_Weighted_USD_Index,Finance
2025-07-28,120.6149,DTWEXBGS,Trade_Weighted_USD_Index,Finance
2025-07-29,120.9674,DTWEXBGS,Trade_Weighted_USD_Index,Finance
2025-07-30,121.4042,DTWEXBGS,Trade_Weighted_USD_Index,Finance
2025-07-31,121.721,DTWEXBGS,Trade_Weighted_USD_Index,Finance
2025-08-01,121.2122,DTWEXBGS,Trade_Weighted_USD_Index,Finance
2025-08-04,120.9859,DTWEXBGS,Trade_Weighted_USD_Index,Finance
2025-08-05,120.9082,DTWEXBGS,Trade_Weighted_USD_Index,Finance
2025-08-06,120.5082,DTWEXBGS,Trade_Weighted_USD_Index,Finance
2025-08-07,120.5043,DTWEXBGS,Trade_Weighted_USD_Index,Finance
2025-08-08,120.3329,DTWEXBGS,Trade_Weighted_USD_Index,Finance
2025-08-11,120.6892,DTWEXBGS,Trade_Weighted_USD_Index,Finance
2025-08-12,120.2736,DTWEXBGS,Trade_Weighted_USD_Index,Finance
2025-08-13,120.13,DTWEXBGS,Trade_Weighted_USD_Index,Finance
2025-08-14,120.6446,DTWEXBGS,Trade_Weighted_USD_Index,Finance
2025-08-15,120.3377,DTWEXBGS,Trade_Weighted_USD_Index,Finance
2025-08-18,120.5622,DTWEXBGS,Trade_Weighted_USD_Index,Finance
2025-08-19,120.7224,DTWEXBGS,Trade_Weighted_USD_Index,Finance
2025-08-20,120.7757,DTWEXBGS,Trade_Weighted_USD_Index,Finance
2025-08-21,121.0843,DTWEXBGS,Trade_Weighted_USD_Index,Finance
2025-08-22,120.2774,DTWEXBGS,Trade_Weighted_USD_Index,Finance
2025-08-25,120.4214,DTWEXBGS,Trade_Weighted_USD_Index,Finance
2025-08-26,120.5274,DTWEXBGS,Trade_Weighted_USD_Index,Finance
2025-08-27,120.7274,DTWEXBGS,Trade_Weighted_USD_Index,Finance
2025-08-28,120.2595,DTWEXBGS,Trade_Weighted_USD_Index,Finance
2025-08-29,120.2082,DTWEXBGS,Trade_Weighted_USD_Index,Finance
2025-09-02,120.6837,DTWEXBGS,Trade_Weighted_USD_Index,Finance
2025-09-03,120.5052,DTWEXBGS,Trade_Weighted_USD_Index,Finance
2025-09-04,120.7629,DTWEXBGS,Trade_Weighted_USD_Index,Finance
2025-09-05,120.1282,DTWEXBGS,Trade_Weighted_USD_Index,Finance
2025-09-08,120.0971,DTWEXBGS,Trade_Weighted_USD_Index,Finance
2025-09-09,120.1569,DTWEXBGS,Trade_Weighted_USD_Index,Finance
2025-09-10,120.1223,DTWEXBGS,Trade_Weighted_USD_Index,Finance
2025-09-11,119.9534,DTWEXBGS,Trade_Weighted_USD_Index,Finance
2025-09-12,120.0611,DTWEXBGS,Trade_Weighted_USD_Index,Finance
2025-09-15,119.5644,DTWEXBGS,Trade_Weighted_USD_Index,Finance
2025-09-16,119.1348,DTWEXBGS,Trade_Weighted_USD_Index,Finance
2025-09-17,119.1582,DTWEXBGS,Trade_Weighted_USD_Index,Finance
2025-09-18,119.6616,DTWEXBGS,Trade_Weighted_USD_Index,Finance
2025-09-19,119.7858,DTWEXBGS,Trade_Weighted_USD_Index,Finance
2025-09-22,119.8152,DTWEXBGS,Trade_Weighted_USD_Index,Finance
2025-09-23,119.6202,DTWEXBGS,Trade_Weighted_USD_Index,Finance
2025-09-24,120.1707,DTWEXBGS,Trade_Weighted_USD_Index,Finance
2025-09-25,120.5419,DTWEXBGS,Trade_Weighted_USD_Index,Finance
2025-09-26,120.4349,DTWEXBGS,Trade_Weighted_USD_Index,Finance
2025-09-29,120.115,DTWEXBGS,Trade_Weighted_USD_Index,Finance
2025-09-30,120.1368,DTWEXBGS,Trade_Weighted_USD_Index,Finance
2025-10-01,120.1502,DTWEXBGS,Trade_Weighted_USD_Index,Finance
2025-10-02,120.4296,DTWEXBGS,Trade_Weighted_USD_Index,Finance
2025-10-03,120.0881,DTWEXBGS,Trade_Weighted_USD_Index,Finance
2025-10-06,120.2722,DTWEXBGS,Trade_Weighted_USD_Index,Finance
2025-10-07,120.4884,DTWEXBGS,Trade_Weighted_USD_Index,Finance
2025-10-08,120.7766,DTWEXBGS,Trade_Weighted_USD_Index,Finance
2025-10-09,121.0902,DTWEXBGS,Trade_Weighted_USD_Index,Finance
2025-10-10,121.1163,DTWEXBGS,Trade_Weighted_USD_Index,Finance
2025-10-14,121.1822,DTWEXBGS,Trade_Weighted_USD_Index,Finance
2025-10-15,120.8642,DTWEXBGS,Trade_Weighted_USD_Index,Finance
2025-10-16,120.6698,DTWEXBGS,Trade_Weighted_USD_Index,Finance
2025-10-17,120.7028,DTWEXBGS,Trade_Weighted_USD_Index,Finance
2025-10-20,120.6209,DTWEXBGS,Trade_Weighted_USD_Index,Finance
2025-10-21,120.8895,DTWEXBGS,Trade_Weighted_USD_Index,Finance
2025-10-22,120.8958,DTWEXBGS,Trade_Weighted_USD_Index,Finance
2025-10-23,120.9531,DTWEXBGS,Trade_Weighted_USD_Index,Finance
2025-10-24,120.9345,DTWEXBGS,Trade_Weighted_USD_Index,Finance
2025-10-27,120.7988,DTWEXBGS,Trade_Weighted_USD_Index,Finance
2025-10-28,120.6361,DTWEXBGS,Trade_Weighted_USD_Index,Finance
2025-10-29,120.5312,DTWEXBGS,Trade_Weighted_USD_Index,Finance
2025-10-30,121.2832,DTWEXBGS,Trade_Weighted_USD_Index,Finance
2025-10-31,121.3859,DTWEXBGS,Trade_Weighted_USD_Index,Finance
2025-11-03,121.4512,DTWEXBGS,Trade_Weighted_USD_Index,Finance
2025-11-04,121.8271,DTWEXBGS,Trade_Weighted_USD_Index,Finance
2025-11-05,121.8482,DTWEXBGS,Trade_Weighted_USD_Index,Finance
2025-11-06,121.6948,DTWEXBGS,Trade_Weighted_USD_Index,Finance
2025-11-07,121.388,DTWEXBGS,Trade_Weighted_USD_Index,Finance
2025-11-10,121.2984,DTWEXBGS,Trade_Weighted_USD_Index,Finance
2025-11-12,121.0458,DTWEXBGS,Trade_Weighted_USD_Index,Finance
2025-11-13,120.7725,DTWEXBGS,Trade_Weighted_USD_Index,Finance
2025-11-14,120.9666,DTWEXBGS,Trade_Weighted_USD_Index,Finance
2025-11-17,121.1146,DTWEXBGS,Trade_Weighted_USD_Index,Finance
2025-11-18,121.2127,DTWEXBGS,Trade_Weighted_USD_Index,Finance
2025-11-19,121.4978,DTWEXBGS,Trade_Weighted_USD_Index,Finance
2025-11-20,121.6889,DTWEXBGS,Trade_Weighted_USD_Index,Finance
2025-11-21,121.8653,DTWEXBGS,Trade_Weighted_USD_Index,Finance
2025-11-24,121.9171,DTWEXBGS,Trade_Weighted_USD_Index,Finance
2025-11-25,121.6335,DTWEXBGS,Trade_Weighted_USD_Index,Finance
2025-11-26,121.2437,DTWEXBGS,Trade_Weighted_USD_Index,Finance
2025-11-28,121.0527,DTWEXBGS,Trade_Weighted_USD_Index,Finance
2025-12-01,120.9862,DTWEXBGS,Trade_Weighted_USD_Index,Finance
2025-12-02,121.1467,DTWEXBGS,Trade_Weighted_USD_Index,Finance
2025-12-03,120.7336,DTWEXBGS,Trade_Weighted_USD_Index,Finance
2025-12-04,120.6766,DTWEXBGS,Trade_Weighted_USD_Index,Finance
2025-12-05,120.6863,DTWEXBGS,Trade_Weighted_USD_Index,Finance
2025-12-08,120.776,DTWEXBGS,Trade_Weighted_USD_Index,Finance
2025-12-09,120.6832,DTWEXBGS,Trade_Weighted_USD_Index,Finance
2025-12-10,120.6752,DTWEXBGS,Trade_Weighted_USD_Index,Finance
2025-12-11,119.98,DTWEXBGS,Trade_Weighted_USD_Index,Finance
2025-12-12,120.1442,DTWEXBGS,Trade_Weighted_USD_Index,Finance
2025-12-15,119.9561,DTWEXBGS,Trade_Weighted_USD_Index,Finance
2025-12-16,119.8902,DTWEXBGS,Trade_Weighted_USD_Index,Finance
2025-12-17,120.155,DTWEXBGS,Trade_Weighted_USD_Index,Finance
2025-12-18,120.0528,DTWEXBGS,Trade_Weighted_USD_Index,Finance
2025-12-19,120.1652,DTWEXBGS,Trade_Weighted_USD_Index,Finance
2025-12-22,119.9912,DTWEXBGS,Trade_Weighted_USD_Index,Finance
2025-12-23,119.7057,DTWEXBGS,Trade_Weighted_USD_Index,Finance
2025-12-24,119.4372,DTWEXBGS,Trade_Weighted_USD_Index,Finance
2025-12-26,119.4723,DTWEXBGS,Trade_Weighted_USD_Index,Finance
2025-12-29,119.5899,DTWEXBGS,Trade_Weighted_USD_Index,Finance
2025-12-30,119.4939,DTWEXBGS,Trade_Weighted_USD_Index,Finance
2025-12-31,119.7456,DTWEXBGS,Trade_Weighted_USD_Index,Finance
2026-01-02,119.6059,DTWEXBGS,Trade_Weighted_USD_Index,Finance
2026-01-05,119.6192,DTWEXBGS,Trade_Weighted_USD_Index,Finance
2026-01-06,119.7807,DTWEXBGS,Trade_Weighted_USD_Index,Finance
2026-01-07,119.8719,DTWEXBGS,Trade_Weighted_USD_Index,Finance
2026-01-08,120.0904,DTWEXBGS,Trade_Weighted_USD_Index,Finance
2026-01-09,120.2215,DTWEXBGS,Trade_Weighted_USD_Index,Finance
2026-01-12,119.9958,DTWEXBGS,Trade_Weighted_USD_Index,Finance
2026-01-13,120.1401,DTWEXBGS,Trade_Weighted_USD_Index,Finance
2026-01-14,119.9537,DTWEXBGS,Trade_Weighted_USD_Index,Finance
2026-01-15,119.9951,DTWEXBGS,Trade_Weighted_USD_Index,Finance
2026-01-16,120.0838,DTWEXBGS,Trade_Weighted_USD_Index,Finance
2026-01-20,119.4455,DTWEXBGS,Trade_Weighted_USD_Index,Finance
2026-01-21,119.3431,DTWEXBGS,Trade_Weighted_USD_Index,Finance
2026-01-22,119.1962,DTWEXBGS,Trade_Weighted_USD_Index,Finance
2026-01-23,118.8976,DTWEXBGS,Trade_Weighted_USD_Index,Finance
2026-01-26,118.0525,DTWEXBGS,Trade_Weighted_USD_Index,Finance
2026-01-27,117.4523,DTWEXBGS,Trade_Weighted_USD_Index,Finance
2026-01-28,117.5117,DTWEXBGS,Trade_Weighted_USD_Index,Finance
2026-01-29,117.4396,DTWEXBGS,Trade_Weighted_USD_Index,Finance
2026-01-30,117.8996,DTWEXBGS,Trade_Weighted_USD_Index,Finance
2026-02-02,118.3609,DTWEXBGS,Trade_Weighted_USD_Index,Finance
2026-02-03,117.9764,DTWEXBGS,Trade_Weighted_USD_Index,Finance
2026-02-04,118.2602,DTWEXBGS,Trade_Weighted_USD_Index,Finance
2026-02-05,118.5034,DTWEXBGS,Trade_Weighted_USD_Index,Finance
2026-02-06,118.2407,DTWEXBGS,Trade_Weighted_USD_Index,Finance
2026-02-09,117.6392,DTWEXBGS,Trade_Weighted_USD_Index,Finance
2026-02-10,117.5216,DTWEXBGS,Trade_Weighted_USD_Index,Finance
2026-02-11,117.4601,DTWEXBGS,Trade_Weighted_USD_Index,Finance
2026-02-12,117.5376,DTWEXBGS,Trade_Weighted_USD_Index,Finance
2026-02-13,117.5258,DTWEXBGS,Trade_Weighted_USD_Index,Finance
2026-02-17,117.7375,DTWEXBGS,Trade_Weighted_USD_Index,Finance
2026-02-18,117.8426,DTWEXBGS,Trade_Weighted_USD_Index,Finance
2026-02-19,118.2354,DTWEXBGS,Trade_Weighted_USD_Index,Finance
2026-02-20,117.9917,DTWEXBGS,Trade_Weighted_USD_Index,Finance
2026-02-23,117.9395,DTWEXBGS,Trade_Weighted_USD_Index,Finance
2026-02-24,117.9463,DTWEXBGS,Trade_Weighted_USD_Index,Finance
2026-02-25,117.769,DTWEXBGS,Trade_Weighted_USD_Index,Finance
2026-02-26,117.9042,DTWEXBGS,Trade_Weighted_USD_Index,Finance
2026-02-27,117.8223,DTWEXBGS,Trade_Weighted_USD_Index,Finance
2026-03-02,118.667,DTWEXBGS,Trade_Weighted_USD_Index,Finance
2026-03-03,119.4341,DTWEXBGS,Trade_Weighted_USD_Index,Finance
2026-03-04,119.0705,DTWEXBGS,Trade_Weighted_USD_Index,Finance
2026-03-05,119.5683,DTWEXBGS,Trade_Weighted_USD_Index,Finance
2026-03-06,119.491,DTWEXBGS,Trade_Weighted_USD_Index,Finance
2026-03-09,119.5151,DTWEXBGS,Trade_Weighted_USD_Index,Finance
2026-03-10,118.7255,DTWEXBGS,Trade_Weighted_USD_Index,Finance
2026-03-11,119.2885,DTWEXBGS,Trade_Weighted_USD_Index,Finance
2026-03-12,119.8227,DTWEXBGS,Trade_Weighted_USD_Index,Finance
2026-03-13,120.5518,DTWEXBGS,Trade_Weighted_USD_Index,Finance
2026-03-16,120.097,DTWEXBGS,Trade_Weighted_USD_Index,Finance
2026-03-17,119.8328,DTWEXBGS,Trade_Weighted_USD_Index,Finance
2026-03-18,119.9276,DTWEXBGS,Trade_Weighted_USD_Index,Finance
2026-03-19,120.1802,DTWEXBGS,Trade_Weighted_USD_Index,Finance
2026-03-20,120.2757,DTWEXBGS,Trade_Weighted_USD_Index,Finance
2026-03-23,119.9371,DTWEXBGS,Trade_Weighted_USD_Index,Finance
2026-03-24,120.1295,DTWEXBGS,Trade_Weighted_USD_Index,Finance
2026-03-25,120.1282,DTWEXBGS,Trade_Weighted_USD_Index,Finance
2026-03-26,120.389,DTWEXBGS,Trade_Weighted_USD_Index,Finance
2026-03-27,120.8851,DTWEXBGS,Trade_Weighted_USD_Index,Finance
2026-03-30,121.2851,DTWEXBGS,Trade_Weighted_USD_Index,Finance
2026-03-31,121.035,DTWEXBGS,Trade_Weighted_USD_Index,Finance
2026-04-01,120.1198,DTWEXBGS,Trade_Weighted_USD_Index,Finance
2026-04-02,120.503,DTWEXBGS,Trade_Weighted_USD_Index,Finance
2026-04-03,120.6565,DTWEXBGS,Trade_Weighted_USD_Index,Finance
2026-04-06,120.4302,DTWEXBGS,Trade_Weighted_USD_Index,Finance
2026-04-07,120.32,DTWEXBGS,Trade_Weighted_USD_Index,Finance
2026-04-08,119.0596,DTWEXBGS,Trade_Weighted_USD_Index,Finance
2026-04-09,118.8998,DTWEXBGS,Trade_Weighted_USD_Index,Finance
2026-04-10,118.8552,DTWEXBGS,Trade_Weighted_USD_Index,Finance
2026-04-13,118.9916,DTWEXBGS,Trade_Weighted_USD_Index,Finance
2026-04-14,118.3581,DTWEXBGS,Trade_Weighted_USD_Index,Finance
2026-04-15,118.3623,DTWEXBGS,Trade_Weighted_USD_Index,Finance
2026-04-16,118.3616,DTWEXBGS,Trade_Weighted_USD_Index,Finance
2026-04-17,118.0795,DTWEXBGS,Trade_Weighted_USD_Index,Finance
2026-04-20,118.2374,DTWEXBGS,Trade_Weighted_USD_Index,Finance
2026-04-21,118.4331,DTWEXBGS,Trade_Weighted_USD_Index,Finance
2026-04-22,118.6004,DTWEXBGS,Trade_Weighted_USD_Index,Finance
2026-04-23,118.7155,DTWEXBGS,Trade_Weighted_USD_Index,Finance
2026-04-24,118.7294,DTWEXBGS,Trade_Weighted_USD_Index,Finance
2026-04-27,118.5458,DTWEXBGS,Trade_Weighted_USD_Index,Finance
2026-04-28,118.7717,DTWEXBGS,Trade_Weighted_USD_Index,Finance
2026-04-29,119.0975,DTWEXBGS,Trade_Weighted_USD_Index,Finance
2026-04-30,118.671,DTWEXBGS,Trade_Weighted_USD_Index,Finance
2026-05-01,118.3926,DTWEXBGS,Trade_Weighted_USD_Index,Finance
2026-05-04,118.8264,DTWEXBGS,Trade_Weighted_USD_Index,Finance
2026-05-05,118.6207,DTWEXBGS,Trade_Weighted_USD_Index,Finance
2026-05-06,118.0982,DTWEXBGS,Trade_Weighted_USD_Index,Finance
2026-05-07,118.0116,DTWEXBGS,Trade_Weighted_USD_Index,Finance
2026-05-08,118.0392,DTWEXBGS,Trade_Weighted_USD_Index,Finance
2026-05-11,118.0562,DTWEXBGS,Trade_Weighted_USD_Index,Finance
2026-05-12,118.5238,DTWEXBGS,Trade_Weighted_USD_Index,Finance
2026-05-13,118.4737,DTWEXBGS,Trade_Weighted_USD_Index,Finance
2026-05-14,118.6696,DTWEXBGS,Trade_Weighted_USD_Index,Finance
2026-05-15,119.2825,DTWEXBGS,Trade_Weighted_USD_Index,Finance
2026-05-18,119.0574,DTWEXBGS,Trade_Weighted_USD_Index,Finance
2026-05-19,119.451,DTWEXBGS,Trade_Weighted_USD_Index,Finance
2026-05-20,119.1624,DTWEXBGS,Trade_Weighted_USD_Index,Finance
2026-05-21,119.369,DTWEXBGS,Trade_Weighted_USD_Index,Finance
2026-05-22,119.2868,DTWEXBGS,Trade_Weighted_USD_Index,Finance
2026-05-26,119.1696,DTWEXBGS,Trade_Weighted_USD_Index,Finance
2026-05-27,119.1829,DTWEXBGS,Trade_Weighted_USD_Index,Finance
2026-05-28,119.0318,DTWEXBGS,Trade_Weighted_USD_Index,Finance
2026-05-29,118.8783,DTWEXBGS,Trade_Weighted_USD_Index,Finance
2026-06-01,119.1653,DTWEXBGS,Trade_Weighted_USD_Index,Finance
2026-06-02,119.0359,DTWEXBGS,Trade_Weighted_USD_Index,Finance
2026-06-03,119.3848,DTWEXBGS,Trade_Weighted_USD_Index,Finance
2026-06-04,119.3615,DTWEXBGS,Trade_Weighted_USD_Index,Finance
2026-06-05,120.0831,DTWEXBGS,Trade_Weighted_USD_Index,Finance
2026-06-08,120.034,DTWEXBGS,Trade_Weighted_USD_Index,Finance
2026-06-09,119.9617,DTWEXBGS,Trade_Weighted_USD_Index,Finance
2026-06-10,119.9134,DTWEXBGS,Trade_Weighted_USD_Index,Finance
2026-06-11,120.1174,DTWEXBGS,Trade_Weighted_USD_Index,Finance
2026-06-12,119.5073,DTWEXBGS,Trade_Weighted_USD_Index,Finance
2026-06-15,119.3158,DTWEXBGS,Trade_Weighted_USD_Index,Finance
2026-06-16,119.256,DTWEXBGS,Trade_Weighted_USD_Index,Finance
2026-06-17,119.3871,DTWEXBGS,Trade_Weighted_USD_Index,Finance
2026-06-18,120.3958,DTWEXBGS,Trade_Weighted_USD_Index,Finance
2026-06-22,120.5463,DTWEXBGS,Trade_Weighted_USD_Index,Finance
2026-06-23,121.0552,DTWEXBGS,Trade_Weighted_USD_Index,Finance
2026-06-24,121.412,DTWEXBGS,Trade_Weighted_USD_Index,Finance
2026-06-25,121.0559,DTWEXBGS,Trade_Weighted_USD_Index,Finance
2026-06-26,120.8866,DTWEXBGS,Trade_Weighted_USD_Index,Finance
2026-06-29,120.9525,DTWEXBGS,Trade_Weighted_USD_Index,Finance
2026-06-30,120.9248,DTWEXBGS,Trade_Weighted_USD_Index,Finance
2026-07-01,121.1455,DTWEXBGS,Trade_Weighted_USD_Index,Finance
2026-07-02,120.6902,DTWEXBGS,Trade_Weighted_USD_Index,Finance
2026-07-06,120.835,DTWEXBGS,Trade_Weighted_USD_Index,Finance
2026-07-07,120.8145,DTWEXBGS,Trade_Weighted_USD_Index,Finance
2026-07-08,121.1307,DTWEXBGS,Trade_Weighted_USD_Index,Finance
2026-07-09,120.753,DTWEXBGS,Trade_Weighted_USD_Index,Finance
2026-07-10,120.5046,DTWEXBGS,Trade_Weighted_USD_Index,Finance
2026-07-13,120.7413,DTWEXBGS,Trade_Weighted_USD_Index,Finance
2026-07-14,120.4728,DTWEXBGS,Trade_Weighted_USD_Index,Finance
2026-07-15,120.3088,DTWEXBGS,Trade_Weighted_USD_Index,Finance
2026-07-16,120.331,DTWEXBGS,Trade_Weighted_USD_Index,Finance
2026-07-17,120.5315,DTWEXBGS,Trade_Weighted_USD_Index,Finance
2026-07-20,120.5401,DTWEXBGS,Trade_Weighted_USD_Index,Finance
2026-07-21,120.5779,DTWEXBGS,Trade_Weighted_USD_Index,Finance
2026-07-22,120.5736,DTWEXBGS,Trade_Weighted_USD_Index,Finance
2026-07-23,120.9075,DTWEXBGS,Trade_Weighted_USD_Index,Finance
2026-07-24,120.7105,DTWEXBGS,Trade_Weighted_USD_Index,Finance
2026-07-27,120.7739,DTWEXBGS,Trade_Weighted_USD_Index,Finance
2026-07-28,120.6247,DTWEXBGS,Trade_Weighted_USD_Index,Finance
2026-07-29,120.7892,DTWEXBGS,Trade_Weighted_USD_Index,Finance
2026-07-30,119.6753,DTWEXBGS,Trade_Weighted_USD_Index,Finance
2026-07-31,119.7034,DTWEXBGS,Trade_Weighted_USD_Index,Finance
2026-08-03,119.6951,DTWEXBGS,Trade_Weighted_USD_Index,Finance
2026-08-04,119.5977,DTWEXBGS,Trade_Weighted_USD_Index,Finance
2026-08-05,119.3881,DTWEXBGS,Trade_Weighted_USD_Index,Finance
2026-08-06,119.5113,DTWEXBGS,Trade_Weighted_USD_Index,Finance
2026-08-07,119.0649,DTWEXBGS,Trade_Weighted_USD_Index,Finance
2026-08-10,119.1187,DTWEXBGS,Trade_Weighted_USD_Index,Finance
2026-08-11,119.179,DTWEXBGS,Trade_Weighted_USD_Index,Finance
2026-08-12,119.1179,DTWEXBGS,Trade_Weighted_USD_Index,Finance
2026-08-13,119.1848,DTWEXBGS,Trade_Weighted_USD_Index,Finance
2026-08-14,118.9028,DTWEXBGS,Trade_Weighted_USD_Index,Finance
2026-08-17,118.814,DTWEXBGS,Trade_Weighted_USD_Index,Finance
2026-08-18,118.9831,DTWEXBGS,Trade_Weighted_USD_Index,Finance
2026-08-19,118.3328,DTWEXBGS,Trade_Weighted_USD_Index,Finance
2026-08-20,118.2548,DTWEXBGS,Trade_Weighted_USD_Index,Finance
2026-08-21,118.0628,DTWEXBGS,Trade_Weighted_USD_Index,Finance
2026-08-24,118.3195,DTWEXBGS,Trade_Weighted_USD_Index,Finance
2026-08-25,118.2283,DTWEXBGS,Trade_Weighted_USD_Index,Finance
2026-08-26,118.4461,DTWEXBGS,Trade_Weighted_USD_Index,Finance
2026-08-27,118.3583,DTWEXBGS,Trade_Weighted_USD_Index,Finance
2026-08-28,118.7479,DTWEXBGS,Trade_Weighted_USD_Index,Finance
2026-08-31,118.5679,DTWEXBGS,Trade_Weighted_USD_Index,Finance
2026-09-01,118.6568,DTWEXBGS,Trade_Weighted_USD_Index,Finance
2026-09-02,118.5296,DTWEXBGS,Trade_Weighted_USD_Index,Finance
2026-09-03,118.127,DTWEXBGS,Trade_Weighted_USD_Index,Finance
2026-09-04,118.0732,DTWEXBGS,Trade_Weighted_USD_Index,Finance
2026-09-08,117.9127,DTWEXBGS,Trade_Weighted_USD_Index,Finance
2026-09-09,117.8834,DTWEXBGS,Trade_Weighted_USD_Index,Finance
2026-09-10,118.0787,DTWEXBGS,Trade_Weighted_USD_Index,Finance
2026-09-11,118.2126,DTWEXBGS,Trade_Weighted_USD_Index,Finance
2025-01-02,2.88,BAMLH0A0HYM2,High_Yield_Credit_Spread,Finance
2025-01-03,2.81,BAMLH0A0HYM2,High_Yield_Credit_Spread,Finance
2025-01-06,2.76,BAMLH0A0HYM2,High_Yield_Credit_Spread,Finance
2025-01-07,2.79,BAMLH0A0HYM2,High_Yield_Credit_Spread,Finance
2025-01-08,2.84,BAMLH0A0HYM2,High_Yield_Credit_Spread,Finance
2025-01-09,2.82,BAMLH0A0HYM2,High_Yield_Credit_Spread,Finance
2025-01-10,2.81,BAMLH0A0HYM2,High_Yield_Credit_Spread,Finance
2025-01-13,2.85,BAMLH0A0HYM2,High_Yield_Credit_Spread,Finance
2025-01-14,2.8,BAMLH0A0HYM2,High_Yield_Credit_Spread,Finance
2025-01-15,2.72,BAMLH0A0HYM2,High_Yield_Credit_Spread,Finance
2025-01-16,2.73,BAMLH0A0HYM2,High_Yield_Credit_Spread,Finance
2025-01-17,2.64,BAMLH0A0HYM2,High_Yield_Credit_Spread,Finance
2025-01-20,2.64,BAMLH0A0HYM2,High_Yield_Credit_Spread,Finance
2025-01-21,2.61,BAMLH0A0HYM2,High_Yield_Credit_Spread,Finance
2025-01-22,2.59,BAMLH0A0HYM2,High_Yield_Credit_Spread,Finance
2025-01-23,2.61,BAMLH0A0HYM2,High_Yield_Credit_Spread,Finance
2025-01-24,2.6,BAMLH0A0HYM2,High_Yield_Credit_Spread,Finance
2025-01-27,2.66,BAMLH0A0HYM2,High_Yield_Credit_Spread,Finance
2025-01-28,2.66,BAMLH0A0HYM2,High_Yield_Credit_Spread,Finance
2025-01-29,2.68,BAMLH0A0HYM2,High_Yield_Credit_Spread,Finance
2025-01-30,2.67,BAMLH0A0HYM2,High_Yield_Credit_Spread,Finance
2025-01-31,2.68,BAMLH0A0HYM2,High_Yield_Credit_Spread,Finance
2025-02-03,2.73,BAMLH0A0HYM2,High_Yield_Credit_Spread,Finance
2025-02-04,2.71,BAMLH0A0HYM2,High_Yield_Credit_Spread,Finance
2025-02-05,2.69,BAMLH0A0HYM2,High_Yield_Credit_Spread,Finance
2025-02-06,2.66,BAMLH0A0HYM2,High_Yield_Credit_Spread,Finance
2025-02-07,2.67,BAMLH0A0HYM2,High_Yield_Credit_Spread,Finance
2025-02-10,2.66,BAMLH0A0HYM2,High_Yield_Credit_Spread,Finance
2025-02-11,2.66,BAMLH0A0HYM2,High_Yield_Credit_Spread,Finance
2025-02-12,2.65,BAMLH0A0HYM2,High_Yield_Credit_Spread,Finance
2025-02-13,2.65,BAMLH0A0HYM2,High_Yield_Credit_Spread,Finance
2025-02-14,2.62,BAMLH0A0HYM2,High_Yield_Credit_Spread,Finance
2025-02-17,2.62,BAMLH0A0HYM2,High_Yield_Credit_Spread,Finance
2025-02-18,2.62,BAMLH0A0HYM2,High_Yield_Credit_Spread,Finance
2025-02-19,2.68,BAMLH0A0HYM2,High_Yield_Credit_Spread,Finance
2025-02-20,2.66,BAMLH0A0HYM2,High_Yield_Credit_Spread,Finance
2025-02-21,2.78,BAMLH0A0HYM2,High_Yield_Credit_Spread,Finance
2025-02-24,2.78,BAMLH0A0HYM2,High_Yield_Credit_Spread,Finance
2025-02-25,2.84,BAMLH0A0HYM2,High_Yield_Credit_Spread,Finance
2025-02-26,2.81,BAMLH0A0HYM2,High_Yield_Credit_Spread,Finance
2025-02-27,2.81,BAMLH0A0HYM2,High_Yield_Credit_Spread,Finance
2025-02-28,2.87,BAMLH0A0HYM2,High_Yield_Credit_Spread,Finance
2025-03-03,2.94,BAMLH0A0HYM2,High_Yield_Credit_Spread,Finance
2025-03-04,2.99,BAMLH0A0HYM2,High_Yield_Credit_Spread,Finance
2025-03-05,2.88,BAMLH0A0HYM2,High_Yield_Credit_Spread,Finance
2025-03-06,2.99,BAMLH0A0HYM2,High_Yield_Credit_Spread,Finance
2025-03-07,2.97,BAMLH0A0HYM2,High_Yield_Credit_Spread,Finance
2025-03-10,3.16,BAMLH0A0HYM2,High_Yield_Credit_Spread,Finance
2025-03-11,3.22,BAMLH0A0HYM2,High_Yield_Credit_Spread,Finance
2025-03-12,3.2,BAMLH0A0HYM2,High_Yield_Credit_Spread,Finance
2025-03-13,3.4,BAMLH0A0HYM2,High_Yield_Credit_Spread,Finance
2025-03-14,3.25,BAMLH0A0HYM2,High_Yield_Credit_Spread,Finance
2025-03-17,3.18,BAMLH0A0HYM2,High_Yield_Credit_Spread,Finance
2025-03-18,3.23,BAMLH0A0HYM2,High_Yield_Credit_Spread,Finance
2025-03-19,3.19,BAMLH0A0HYM2,High_Yield_Credit_Spread,Finance
2025-03-20,3.17,BAMLH0A0HYM2,High_Yield_Credit_Spread,Finance
2025-03-21,3.21,BAMLH0A0HYM2,High_Yield_Credit_Spread,Finance
2025-03-24,3.05,BAMLH0A0HYM2,High_Yield_Credit_Spread,Finance
2025-03-25,3.09,BAMLH0A0HYM2,High_Yield_Credit_Spread,Finance
2025-03-26,3.19,BAMLH0A0HYM2,High_Yield_Credit_Spread,Finance
2025-03-27,3.27,BAMLH0A0HYM2,High_Yield_Credit_Spread,Finance
2025-03-28,3.47,BAMLH0A0HYM2,High_Yield_Credit_Spread,Finance
2025-03-31,3.55,BAMLH0A0HYM2,High_Yield_Credit_Spread,Finance
2025-04-01,3.5,BAMLH0A0HYM2,High_Yield_Credit_Spread,Finance
2025-04-02,3.42,BAMLH0A0HYM2,High_Yield_Credit_Spread,Finance
2025-04-03,4.01,BAMLH0A0HYM2,High_Yield_Credit_Spread,Finance
2025-04-04,4.45,BAMLH0A0HYM2,High_Yield_Credit_Spread,Finance
2025-04-07,4.61,BAMLH0A0HYM2,High_Yield_Credit_Spread,Finance
2025-04-08,4.57,BAMLH0A0HYM2,High_Yield_Credit_Spread,Finance
2025-04-09,4.37,BAMLH0A0HYM2,High_Yield_Credit_Spread,Finance
2025-04-10,4.42,BAMLH0A0HYM2,High_Yield_Credit_Spread,Finance
2025-04-11,4.26,BAMLH0A0HYM2,High_Yield_Credit_Spread,Finance
2025-04-14,4.14,BAMLH0A0HYM2,High_Yield_Credit_Spread,Finance
2025-04-15,4.09,BAMLH0A0HYM2,High_Yield_Credit_Spread,Finance
2025-04-16,4.16,BAMLH0A0HYM2,High_Yield_Credit_Spread,Finance
2025-04-17,4.02,BAMLH0A0HYM2,High_Yield_Credit_Spread,Finance
2025-04-21,4.16,BAMLH0A0HYM2,High_Yield_Credit_Spread,Finance
2025-04-22,3.99,BAMLH0A0HYM2,High_Yield_Credit_Spread,Finance
2025-04-23,3.75,BAMLH0A0HYM2,High_Yield_Credit_Spread,Finance
2025-04-24,3.73,BAMLH0A0HYM2,High_Yield_Credit_Spread,Finance
2025-04-25,3.67,BAMLH0A0HYM2,High_Yield_Credit_Spread,Finance
2025-04-28,3.73,BAMLH0A0HYM2,High_Yield_Credit_Spread,Finance
2025-04-29,3.74,BAMLH0A0HYM2,High_Yield_Credit_Spread,Finance
2025-04-30,3.94,BAMLH0A0HYM2,High_Yield_Credit_Spread,Finance
2025-05-01,3.78,BAMLH0A0HYM2,High_Yield_Credit_Spread,Finance
2025-05-02,3.6,BAMLH0A0HYM2,High_Yield_Credit_Spread,Finance
2025-05-05,3.6,BAMLH0A0HYM2,High_Yield_Credit_Spread,Finance
2025-05-06,3.66,BAMLH0A0HYM2,High_Yield_Credit_Spread,Finance
2025-05-07,3.67,BAMLH0A0HYM2,High_Yield_Credit_Spread,Finance
2025-05-08,3.51,BAMLH0A0HYM2,High_Yield_Credit_Spread,Finance
2025-05-09,3.53,BAMLH0A0HYM2,High_Yield_Credit_Spread,Finance
2025-05-12,3.15,BAMLH0A0HYM2,High_Yield_Credit_Spread,Finance
2025-05-13,3.09,BAMLH0A0HYM2,High_Yield_Credit_Spread,Finance
2025-05-14,3.1,BAMLH0A0HYM2,High_Yield_Credit_Spread,Finance
2025-05-15,3.2,BAMLH0A0HYM2,High_Yield_Credit_Spread,Finance
2025-05-16,3.16,BAMLH0A0HYM2,High_Yield_Credit_Spread,Finance
2025-05-19,3.21,BAMLH0A0HYM2,High_Yield_Credit_Spread,Finance
2025-05-20,3.2,BAMLH0A0HYM2,High_Yield_Credit_Spread,Finance
2025-05-21,3.25,BAMLH0A0HYM2,High_Yield_Credit_Spread,Finance
2025-05-22,3.32,BAMLH0A0HYM2,High_Yield_Credit_Spread,Finance
2025-05-23,3.4,BAMLH0A0HYM2,High_Yield_Credit_Spread,Finance
2025-05-26,3.4,BAMLH0A0HYM2,High_Yield_Credit_Spread,Finance
2025-05-27,3.24,BAMLH0A0HYM2,High_Yield_Credit_Spread,Finance
2025-05-28,3.23,BAMLH0A0HYM2,High_Yield_Credit_Spread,Finance
2025-05-29,3.22,BAMLH0A0HYM2,High_Yield_Credit_Spread,Finance
2025-05-30,3.31,BAMLH0A0HYM2,High_Yield_Credit_Spread,Finance
2025-05-31,3.32,BAMLH0A0HYM2,High_Yield_Credit_Spread,Finance
2025-06-02,3.27,BAMLH0A0HYM2,High_Yield_Credit_Spread,Finance
2025-06-03,3.19,BAMLH0A0HYM2,High_Yield_Credit_Spread,Finance
2025-06-04,3.23,BAMLH0A0HYM2,High_Yield_Credit_Spread,Finance
2025-06-05,3.18,BAMLH0A0HYM2,High_Yield_Credit_Spread,Finance
2025-06-06,3.09,BAMLH0A0HYM2,High_Yield_Credit_Spread,Finance
2025-06-09,3.12,BAMLH0A0HYM2,High_Yield_Credit_Spread,Finance
2025-06-10,3.12,BAMLH0A0HYM2,High_Yield_Credit_Spread,Finance
2025-06-11,3.12,BAMLH0A0HYM2,High_Yield_Credit_Spread,Finance
2025-06-12,3.17,BAMLH0A0HYM2,High_Yield_Credit_Spread,Finance
2025-06-13,3.18,BAMLH0A0HYM2,High_Yield_Credit_Spread,Finance
2025-06-16,3.1,BAMLH0A0HYM2,High_Yield_Credit_Spread,Finance
2025-06-17,3.17,BAMLH0A0HYM2,High_Yield_Credit_Spread,Finance
2025-06-18,3.16,BAMLH0A0HYM2,High_Yield_Credit_Spread,Finance
2025-06-19,3.16,BAMLH0A0HYM2,High_Yield_Credit_Spread,Finance
2025-06-20,3.13,BAMLH0A0HYM2,High_Yield_Credit_Spread,Finance
2025-06-23,3.12,BAMLH0A0HYM2,High_Yield_Credit_Spread,Finance
2025-06-24,3.06,BAMLH0A0HYM2,High_Yield_Credit_Spread,Finance
2025-06-25,3.04,BAMLH0A0HYM2,High_Yield_Credit_Spread,Finance
2025-06-26,3.04,BAMLH0A0HYM2,High_Yield_Credit_Spread,Finance
2025-06-27,3.02,BAMLH0A0HYM2,High_Yield_Credit_Spread,Finance
2025-06-30,2.96,BAMLH0A0HYM2,High_Yield_Credit_Spread,Finance
2025-07-01,2.91,BAMLH0A0HYM2,High_Yield_Credit_Spread,Finance
2025-07-02,2.88,BAMLH0A0HYM2,High_Yield_Credit_Spread,Finance
2025-07-03,2.8,BAMLH0A0HYM2,High_Yield_Credit_Spread,Finance
2025-07-04,2.8,BAMLH0A0HYM2,High_Yield_Credit_Spread,Finance
2025-07-07,2.86,BAMLH0A0HYM2,High_Yield_Credit_Spread,Finance
2025-07-08,2.92,BAMLH0A0HYM2,High_Yield_Credit_Spread,Finance
2025-07-09,2.94,BAMLH0A0HYM2,High_Yield_Credit_Spread,Finance
2025-07-10,2.92,BAMLH0A0HYM2,High_Yield_Credit_Spread,Finance
2025-07-11,2.97,BAMLH0A0HYM2,High_Yield_Credit_Spread,Finance
2025-07-14,2.95,BAMLH0A0HYM2,High_Yield_Credit_Spread,Finance
2025-07-15,2.95,BAMLH0A0HYM2,High_Yield_Credit_Spread,Finance
2025-07-16,3.0,BAMLH0A0HYM2,High_Yield_Credit_Spread,Finance
2025-07-17,2.91,BAMLH0A0HYM2,High_Yield_Credit_Spread,Finance
2025-07-18,2.93,BAMLH0A0HYM2,High_Yield_Credit_Spread,Finance
2025-07-21,2.89,BAMLH0A0HYM2,High_Yield_Credit_Spread,Finance
2025-07-22,2.9,BAMLH0A0HYM2,High_Yield_Credit_Spread,Finance
2025-07-23,2.83,BAMLH0A0HYM2,High_Yield_Credit_Spread,Finance
2025-07-24,2.82,BAMLH0A0HYM2,High_Yield_Credit_Spread,Finance
2025-07-25,2.84,BAMLH0A0HYM2,High_Yield_Credit_Spread,Finance
2025-07-28,2.82,BAMLH0A0HYM2,High_Yield_Credit_Spread,Finance
2025-07-29,2.86,BAMLH0A0HYM2,High_Yield_Credit_Spread,Finance
2025-07-30,2.89,BAMLH0A0HYM2,High_Yield_Credit_Spread,Finance
2025-07-31,2.86,BAMLH0A0HYM2,High_Yield_Credit_Spread,Finance
2025-08-01,3.13,BAMLH0A0HYM2,High_Yield_Credit_Spread,Finance
2025-08-04,3.02,BAMLH0A0HYM2,High_Yield_Credit_Spread,Finance
2025-08-05,2.98,BAMLH0A0HYM2,High_Yield_Credit_Spread,Finance
2025-08-06,2.98,BAMLH0A0HYM2,High_Yield_Credit_Spread,Finance
2025-08-07,2.95,BAMLH0A0HYM2,High_Yield_Credit_Spread,Finance
2025-08-08,2.94,BAMLH0A0HYM2,High_Yield_Credit_Spread,Finance
2025-08-11,2.94,BAMLH0A0HYM2,High_Yield_Credit_Spread,Finance
2025-08-12,2.93,BAMLH0A0HYM2,High_Yield_Credit_Spread,Finance
2025-08-13,2.9,BAMLH0A0HYM2,High_Yield_Credit_Spread,Finance
2025-08-14,2.89,BAMLH0A0HYM2,High_Yield_Credit_Spread,Finance
2025-08-15,2.88,BAMLH0A0HYM2,High_Yield_Credit_Spread,Finance
2025-08-18,2.88,BAMLH0A0HYM2,High_Yield_Credit_Spread,Finance
2025-08-19,2.9,BAMLH0A0HYM2,High_Yield_Credit_Spread,Finance
2025-08-20,2.94,BAMLH0A0HYM2,High_Yield_Credit_Spread,Finance
2025-08-21,2.95,BAMLH0A0HYM2,High_Yield_Credit_Spread,Finance
2025-08-22,2.88,BAMLH0A0HYM2,High_Yield_Credit_Spread,Finance
2025-08-25,2.8,BAMLH0A0HYM2,High_Yield_Credit_Spread,Finance
2025-08-26,2.78,BAMLH0A0HYM2,High_Yield_Credit_Spread,Finance
2025-08-27,2.78,BAMLH0A0HYM2,High_Yield_Credit_Spread,Finance
2025-08-28,2.75,BAMLH0A0HYM2,High_Yield_Credit_Spread,Finance
2025-08-29,2.82,BAMLH0A0HYM2,High_Yield_Credit_Spread,Finance
2025-08-31,2.84,BAMLH0A0HYM2,High_Yield_Credit_Spread,Finance
2025-09-01,2.84,BAMLH0A0HYM2,High_Yield_Credit_Spread,Finance
2025-09-02,2.92,BAMLH0A0HYM2,High_Yield_Credit_Spread,Finance
2025-09-03,2.88,BAMLH0A0HYM2,High_Yield_Credit_Spread,Finance
2025-09-04,2.84,BAMLH0A0HYM2,High_Yield_Credit_Spread,Finance
2025-09-05,2.83,BAMLH0A0HYM2,High_Yield_Credit_Spread,Finance
2025-09-08,2.84,BAMLH0A0HYM2,High_Yield_Credit_Spread,Finance
2025-09-09,2.87,BAMLH0A0HYM2,High_Yield_Credit_Spread,Finance
2025-09-10,2.84,BAMLH0A0HYM2,High_Yield_Credit_Spread,Finance
2025-09-11,2.78,BAMLH0A0HYM2,High_Yield_Credit_Spread,Finance
2025-09-12,2.79,BAMLH0A0HYM2,High_Yield_Credit_Spread,Finance
2025-09-15,2.75,BAMLH0A0HYM2,High_Yield_Credit_Spread,Finance
2025-09-16,2.79,BAMLH0A0HYM2,High_Yield_Credit_Spread,Finance
2025-09-17,2.79,BAMLH0A0HYM2,High_Yield_Credit_Spread,Finance
2025-09-18,2.71,BAMLH0A0HYM2,High_Yield_Credit_Spread,Finance
2025-09-19,2.72,BAMLH0A0HYM2,High_Yield_Credit_Spread,Finance
2025-09-22,2.69,BAMLH0A0HYM2,High_Yield_Credit_Spread,Finance
2025-09-23,2.71,BAMLH0A0HYM2,High_Yield_Credit_Spread,Finance
2025-09-24,2.7,BAMLH0A0HYM2,High_Yield_Credit_Spread,Finance
2025-09-25,2.76,BAMLH0A0HYM2,High_Yield_Credit_Spread,Finance
2025-09-26,2.75,BAMLH0A0HYM2,High_Yield_Credit_Spread,Finance
2025-09-29,2.74,BAMLH0A0HYM2,High_Yield_Credit_Spread,Finance
2025-09-30,2.8,BAMLH0A0HYM2,High_Yield_Credit_Spread,Finance
2025-10-01,2.81,BAMLH0A0HYM2,High_Yield_Credit_Spread,Finance
2025-10-02,2.81,BAMLH0A0HYM2,High_Yield_Credit_Spread,Finance
2025-10-03,2.8,BAMLH0A0HYM2,High_Yield_Credit_Spread,Finance
2025-10-06,2.76,BAMLH0A0HYM2,High_Yield_Credit_Spread,Finance
2025-10-07,2.82,BAMLH0A0HYM2,High_Yield_Credit_Spread,Finance
2025-10-08,2.84,BAMLH0A0HYM2,High_Yield_Credit_Spread,Finance
2025-10-09,2.95,BAMLH0A0HYM2,High_Yield_Credit_Spread,Finance
2025-10-10,3.18,BAMLH0A0HYM2,High_Yield_Credit_Spread,Finance
2025-10-13,3.18,BAMLH0A0HYM2,High_Yield_Credit_Spread,Finance
2025-10-14,3.11,BAMLH0A0HYM2,High_Yield_Credit_Spread,Finance
2025-10-15,2.95,BAMLH0A0HYM2,High_Yield_Credit_Spread,Finance
2025-10-16,3.04,BAMLH0A0HYM2,High_Yield_Credit_Spread,Finance
2025-10-17,3.04,BAMLH0A0HYM2,High_Yield_Credit_Spread,Finance
2025-10-20,2.99,BAMLH0A0HYM2,High_Yield_Credit_Spread,Finance
2025-10-21,2.97,BAMLH0A0HYM2,High_Yield_Credit_Spread,Finance
2025-10-22,3.01,BAMLH0A0HYM2,High_Yield_Credit_Spread,Finance
2025-10-23,2.96,BAMLH0A0HYM2,High_Yield_Credit_Spread,Finance
2025-10-24,2.88,BAMLH0A0HYM2,High_Yield_Credit_Spread,Finance
2025-10-27,2.8,BAMLH0A0HYM2,High_Yield_Credit_Spread,Finance
2025-10-28,2.82,BAMLH0A0HYM2,High_Yield_Credit_Spread,Finance
2025-10-29,2.76,BAMLH0A0HYM2,High_Yield_Credit_Spread,Finance
2025-10-30,2.85,BAMLH0A0HYM2,High_Yield_Credit_Spread,Finance
2025-10-31,2.94,BAMLH0A0HYM2,High_Yield_Credit_Spread,Finance
2025-11-03,3.04,BAMLH0A0HYM2,High_Yield_Credit_Spread,Finance
2025-11-04,3.13,BAMLH0A0HYM2,High_Yield_Credit_Spread,Finance
2025-11-05,3.05,BAMLH0A0HYM2,High_Yield_Credit_Spread,Finance
2025-11-06,3.13,BAMLH0A0HYM2,High_Yield_Credit_Spread,Finance
2025-11-07,3.15,BAMLH0A0HYM2,High_Yield_Credit_Spread,Finance
2025-11-10,3.02,BAMLH0A0HYM2,High_Yield_Credit_Spread,Finance
2025-11-11,3.02,BAMLH0A0HYM2,High_Yield_Credit_Spread,Finance
2025-11-12,3.02,BAMLH0A0HYM2,High_Yield_Credit_Spread,Finance
2025-11-13,3.09,BAMLH0A0HYM2,High_Yield_Credit_Spread,Finance
2025-11-14,3.07,BAMLH0A0HYM2,High_Yield_Credit_Spread,Finance
2025-11-17,3.13,BAMLH0A0HYM2,High_Yield_Credit_Spread,Finance
2025-11-18,3.2,BAMLH0A0HYM2,High_Yield_Credit_Spread,Finance
2025-11-19,3.17,BAMLH0A0HYM2,High_Yield_Credit_Spread,Finance
2025-11-20,3.17,BAMLH0A0HYM2,High_Yield_Credit_Spread,Finance
2025-11-21,3.19,BAMLH0A0HYM2,High_Yield_Credit_Spread,Finance
2025-11-24,3.15,BAMLH0A0HYM2,High_Yield_Credit_Spread,Finance
2025-11-25,3.1,BAMLH0A0HYM2,High_Yield_Credit_Spread,Finance
2025-11-26,3.0,BAMLH0A0HYM2,High_Yield_Credit_Spread,Finance
2025-11-27,3.0,BAMLH0A0HYM2,High_Yield_Credit_Spread,Finance
2025-11-28,2.95,BAMLH0A0HYM2,High_Yield_Credit_Spread,Finance
2025-11-30,2.92,BAMLH0A0HYM2,High_Yield_Credit_Spread,Finance
2025-12-01,2.94,BAMLH0A0HYM2,High_Yield_Credit_Spread,Finance
2025-12-02,2.92,BAMLH0A0HYM2,High_Yield_Credit_Spread,Finance
2025-12-03,2.89,BAMLH0A0HYM2,High_Yield_Credit_Spread,Finance
2025-12-04,2.88,BAMLH0A0HYM2,High_Yield_Credit_Spread,Finance
2025-12-05,2.85,BAMLH0A0HYM2,High_Yield_Credit_Spread,Finance
2025-12-08,2.89,BAMLH0A0HYM2,High_Yield_Credit_Spread,Finance
2025-12-09,2.89,BAMLH0A0HYM2,High_Yield_Credit_Spread,Finance
2025-12-10,2.91,BAMLH0A0HYM2,High_Yield_Credit_Spread,Finance
2025-12-11,2.88,BAMLH0A0HYM2,High_Yield_Credit_Spread,Finance
2025-12-12,2.91,BAMLH0A0HYM2,High_Yield_Credit_Spread,Finance
2025-12-15,2.91,BAMLH0A0HYM2,High_Yield_Credit_Spread,Finance
2025-12-16,2.98,BAMLH0A0HYM2,High_Yield_Credit_Spread,Finance
2025-12-17,2.99,BAMLH0A0HYM2,High_Yield_Credit_Spread,Finance
2025-12-18,2.95,BAMLH0A0HYM2,High_Yield_Credit_Spread,Finance
2025-12-19,2.9,BAMLH0A0HYM2,High_Yield_Credit_Spread,Finance
2025-12-22,2.88,BAMLH0A0HYM2,High_Yield_Credit_Spread,Finance
2025-12-23,2.83,BAMLH0A0HYM2,High_Yield_Credit_Spread,Finance
2025-12-24,2.84,BAMLH0A0HYM2,High_Yield_Credit_Spread,Finance
2025-12-26,2.86,BAMLH0A0HYM2,High_Yield_Credit_Spread,Finance
2025-12-29,2.87,BAMLH0A0HYM2,High_Yield_Credit_Spread,Finance
2025-12-30,2.84,BAMLH0A0HYM2,High_Yield_Credit_Spread,Finance
2025-12-31,2.81,BAMLH0A0HYM2,High_Yield_Credit_Spread,Finance
2026-01-02,2.83,BAMLH0A0HYM2,High_Yield_Credit_Spread,Finance
2026-01-05,2.81,BAMLH0A0HYM2,High_Yield_Credit_Spread,Finance
2026-01-06,2.79,BAMLH0A0HYM2,High_Yield_Credit_Spread,Finance
2026-01-07,2.79,BAMLH0A0HYM2,High_Yield_Credit_Spread,Finance
2026-01-08,2.76,BAMLH0A0HYM2,High_Yield_Credit_Spread,Finance
2026-01-09,2.74,BAMLH0A0HYM2,High_Yield_Credit_Spread,Finance
2026-01-12,2.74,BAMLH0A0HYM2,High_Yield_Credit_Spread,Finance
2026-01-13,2.75,BAMLH0A0HYM2,High_Yield_Credit_Spread,Finance
2026-01-14,2.76,BAMLH0A0HYM2,High_Yield_Credit_Spread,Finance
2026-01-15,2.71,BAMLH0A0HYM2,High_Yield_Credit_Spread,Finance
2026-01-16,2.65,BAMLH0A0HYM2,High_Yield_Credit_Spread,Finance
2026-01-19,2.65,BAMLH0A0HYM2,High_Yield_Credit_Spread,Finance
2026-01-20,2.73,BAMLH0A0HYM2,High_Yield_Credit_Spread,Finance
2026-01-21,2.69,BAMLH0A0HYM2,High_Yield_Credit_Spread,Finance
2026-01-22,2.64,BAMLH0A0HYM2,High_Yield_Credit_Spread,Finance
2026-01-23,2.68,BAMLH0A0HYM2,High_Yield_Credit_Spread,Finance
2026-01-26,2.69,BAMLH0A0HYM2,High_Yield_Credit_Spread,Finance
2026-01-27,2.71,BAMLH0A0HYM2,High_Yield_Credit_Spread,Finance
2026-01-28,2.72,BAMLH0A0HYM2,High_Yield_Credit_Spread,Finance
2026-01-29,2.77,BAMLH0A0HYM2,High_Yield_Credit_Spread,Finance
2026-01-30,2.8,BAMLH0A0HYM2,High_Yield_Credit_Spread,Finance
2026-01-31,2.88,BAMLH0A0HYM2,High_Yield_Credit_Spread,Finance
2026-02-02,2.81,BAMLH0A0HYM2,High_Yield_Credit_Spread,Finance
2026-02-03,2.85,BAMLH0A0HYM2,High_Yield_Credit_Spread,Finance
2026-02-04,2.86,BAMLH0A0HYM2,High_Yield_Credit_Spread,Finance
2026-02-05,2.97,BAMLH0A0HYM2,High_Yield_Credit_Spread,Finance
2026-02-06,2.87,BAMLH0A0HYM2,High_Yield_Credit_Spread,Finance
2026-02-09,2.84,BAMLH0A0HYM2,High_Yield_Credit_Spread,Finance
2026-02-10,2.86,BAMLH0A0HYM2,High_Yield_Credit_Spread,Finance
2026-02-11,2.84,BAMLH0A0HYM2,High_Yield_Credit_Spread,Finance
2026-02-12,2.92,BAMLH0A0HYM2,High_Yield_Credit_Spread,Finance
2026-02-13,2.95,BAMLH0A0HYM2,High_Yield_Credit_Spread,Finance
2026-02-16,2.94,BAMLH0A0HYM2,High_Yield_Credit_Spread,Finance
2026-02-17,2.94,BAMLH0A0HYM2,High_Yield_Credit_Spread,Finance
2026-02-18,2.86,BAMLH0A0HYM2,High_Yield_Credit_Spread,Finance
2026-02-19,2.88,BAMLH0A0HYM2,High_Yield_Credit_Spread,Finance
2026-02-20,2.86,BAMLH0A0HYM2,High_Yield_Credit_Spread,Finance
2026-02-23,2.95,BAMLH0A0HYM2,High_Yield_Credit_Spread,Finance
2026-02-24,2.97,BAMLH0A0HYM2,High_Yield_Credit_Spread,Finance
2026-02-25,2.94,BAMLH0A0HYM2,High_Yield_Credit_Spread,Finance
2026-02-26,2.98,BAMLH0A0HYM2,High_Yield_Credit_Spread,Finance
2026-02-27,3.1,BAMLH0A0HYM2,High_Yield_Credit_Spread,Finance
2026-02-28,3.12,BAMLH0A0HYM2,High_Yield_Credit_Spread,Finance
2026-03-02,3.03,BAMLH0A0HYM2,High_Yield_Credit_Spread,Finance
2026-03-03,3.08,BAMLH0A0HYM2,High_Yield_Credit_Spread,Finance
2026-03-04,2.97,BAMLH0A0HYM2,High_Yield_Credit_Spread,Finance
2026-03-05,3.0,BAMLH0A0HYM2,High_Yield_Credit_Spread,Finance
2026-03-06,3.13,BAMLH0A0HYM2,High_Yield_Credit_Spread,Finance
2026-03-09,3.19,BAMLH0A0HYM2,High_Yield_Credit_Spread,Finance
2026-03-10,3.06,BAMLH0A0HYM2,High_Yield_Credit_Spread,Finance
2026-03-11,3.09,BAMLH0A0HYM2,High_Yield_Credit_Spread,Finance
2026-03-12,3.17,BAMLH0A0HYM2,High_Yield_Credit_Spread,Finance
2026-03-13,3.28,BAMLH0A0HYM2,High_Yield_Credit_Spread,Finance
2026-03-16,3.27,BAMLH0A0HYM2,High_Yield_Credit_Spread,Finance
2026-03-17,3.22,BAMLH0A0HYM2,High_Yield_Credit_Spread,Finance
2026-03-18,3.2,BAMLH0A0HYM2,High_Yield_Credit_Spread,Finance
2026-03-19,3.27,BAMLH0A0HYM2,High_Yield_Credit_Spread,Finance
2026-03-20,3.24,BAMLH0A0HYM2,High_Yield_Credit_Spread,Finance
2026-03-23,3.19,BAMLH0A0HYM2,High_Yield_Credit_Spread,Finance
2026-03-24,3.19,BAMLH0A0HYM2,High_Yield_Credit_Spread,Finance
2026-03-25,3.17,BAMLH0A0HYM2,High_Yield_Credit_Spread,Finance
2026-03-26,3.21,BAMLH0A0HYM2,High_Yield_Credit_Spread,Finance
2026-03-27,3.42,BAMLH0A0HYM2,High_Yield_Credit_Spread,Finance
2026-03-30,3.46,BAMLH0A0HYM2,High_Yield_Credit_Spread,Finance
2026-03-31,3.28,BAMLH0A0HYM2,High_Yield_Credit_Spread,Finance
2026-04-01,3.16,BAMLH0A0HYM2,High_Yield_Credit_Spread,Finance
2026-04-02,3.17,BAMLH0A0HYM2,High_Yield_Credit_Spread,Finance
2026-04-03,3.13,BAMLH0A0HYM2,High_Yield_Credit_Spread,Finance
2026-04-06,3.05,BAMLH0A0HYM2,High_Yield_Credit_Spread,Finance
2026-04-07,3.12,BAMLH0A0HYM2,High_Yield_Credit_Spread,Finance
2026-04-08,2.94,BAMLH0A0HYM2,High_Yield_Credit_Spread,Finance
2026-04-09,2.9,BAMLH0A0HYM2,High_Yield_Credit_Spread,Finance
2026-04-10,2.94,BAMLH0A0HYM2,High_Yield_Credit_Spread,Finance
2026-04-13,2.95,BAMLH0A0HYM2,High_Yield_Credit_Spread,Finance
2026-04-14,2.84,BAMLH0A0HYM2,High_Yield_Credit_Spread,Finance
2026-04-15,2.85,BAMLH0A0HYM2,High_Yield_Credit_Spread,Finance
2026-04-16,2.86,BAMLH0A0HYM2,High_Yield_Credit_Spread,Finance
2026-04-17,2.83,BAMLH0A0HYM2,High_Yield_Credit_Spread,Finance
2026-04-20,2.87,BAMLH0A0HYM2,High_Yield_Credit_Spread,Finance
2026-04-21,2.85,BAMLH0A0HYM2,High_Yield_Credit_Spread,Finance
2026-04-22,2.84,BAMLH0A0HYM2,High_Yield_Credit_Spread,Finance
2026-04-23,2.86,BAMLH0A0HYM2,High_Yield_Credit_Spread,Finance
2026-04-24,2.86,BAMLH0A0HYM2,High_Yield_Credit_Spread,Finance
2026-04-27,2.84,BAMLH0A0HYM2,High_Yield_Credit_Spread,Finance
2026-04-28,2.85,BAMLH0A0HYM2,High_Yield_Credit_Spread,Finance
2026-04-29,2.82,BAMLH0A0HYM2,High_Yield_Credit_Spread,Finance
2026-04-30,2.83,BAMLH0A0HYM2,High_Yield_Credit_Spread,Finance
2026-05-01,2.77,BAMLH0A0HYM2,High_Yield_Credit_Spread,Finance
2026-05-04,2.78,BAMLH0A0HYM2,High_Yield_Credit_Spread,Finance
2026-05-05,2.77,BAMLH0A0HYM2,High_Yield_Credit_Spread,Finance
2026-05-06,2.75,BAMLH0A0HYM2,High_Yield_Credit_Spread,Finance
2026-05-07,2.79,BAMLH0A0HYM2,High_Yield_Credit_Spread,Finance
2026-05-08,2.81,BAMLH0A0HYM2,High_Yield_Credit_Spread,Finance
2026-05-11,2.79,BAMLH0A0HYM2,High_Yield_Credit_Spread,Finance
2026-05-12,2.82,BAMLH0A0HYM2,High_Yield_Credit_Spread,Finance
2026-05-13,2.82,BAMLH0A0HYM2,High_Yield_Credit_Spread,Finance
2026-05-14,2.76,BAMLH0A0HYM2,High_Yield_Credit_Spread,Finance
2026-05-15,2.8,BAMLH0A0HYM2,High_Yield_Credit_Spread,Finance
2026-05-18,2.83,BAMLH0A0HYM2,High_Yield_Credit_Spread,Finance
2026-05-19,2.86,BAMLH0A0HYM2,High_Yield_Credit_Spread,Finance
2026-05-20,2.8,BAMLH0A0HYM2,High_Yield_Credit_Spread,Finance
2026-05-21,2.78,BAMLH0A0HYM2,High_Yield_Credit_Spread,Finance
2026-05-22,2.74,BAMLH0A0HYM2,High_Yield_Credit_Spread,Finance
2026-05-25,2.74,BAMLH0A0HYM2,High_Yield_Credit_Spread,Finance
2026-05-26,2.72,BAMLH0A0HYM2,High_Yield_Credit_Spread,Finance
2026-05-27,2.71,BAMLH0A0HYM2,High_Yield_Credit_Spread,Finance
2026-05-28,2.72,BAMLH0A0HYM2,High_Yield_Credit_Spread,Finance
2026-05-29,2.72,BAMLH0A0HYM2,High_Yield_Credit_Spread,Finance
2026-05-31,2.74,BAMLH0A0HYM2,High_Yield_Credit_Spread,Finance
2026-06-01,2.72,BAMLH0A0HYM2,High_Yield_Credit_Spread,Finance
2026-06-02,2.71,BAMLH0A0HYM2,High_Yield_Credit_Spread,Finance
2026-06-03,2.75,BAMLH0A0HYM2,High_Yield_Credit_Spread,Finance
2026-06-04,2.74,BAMLH0A0HYM2,High_Yield_Credit_Spread,Finance
2026-06-05,2.76,BAMLH0A0HYM2,High_Yield_Credit_Spread,Finance
2026-06-08,2.75,BAMLH0A0HYM2,High_Yield_Credit_Spread,Finance
2026-06-09,2.78,BAMLH0A0HYM2,High_Yield_Credit_Spread,Finance
2026-06-10,2.8,BAMLH0A0HYM2,High_Yield_Credit_Spread,Finance
2026-06-11,2.78,BAMLH0A0HYM2,High_Yield_Credit_Spread,Finance
2026-06-12,2.71,BAMLH0A0HYM2,High_Yield_Credit_Spread,Finance
2026-06-15,2.66,BAMLH0A0HYM2,High_Yield_Credit_Spread,Finance
2026-06-16,2.71,BAMLH0A0HYM2,High_Yield_Credit_Spread,Finance
2026-06-17,2.63,BAMLH0A0HYM2,High_Yield_Credit_Spread,Finance
2026-06-18,2.66,BAMLH0A0HYM2,High_Yield_Credit_Spread,Finance
2026-06-19,2.66,BAMLH0A0HYM2,High_Yield_Credit_Spread,Finance
2026-06-22,2.65,BAMLH0A0HYM2,High_Yield_Credit_Spread,Finance
2026-06-23,2.71,BAMLH0A0HYM2,High_Yield_Credit_Spread,Finance
2026-06-24,2.76,BAMLH0A0HYM2,High_Yield_Credit_Spread,Finance
2026-06-25,2.78,BAMLH0A0HYM2,High_Yield_Credit_Spread,Finance
2026-06-26,2.83,BAMLH0A0HYM2,High_Yield_Credit_Spread,Finance
2026-06-29,2.8,BAMLH0A0HYM2,High_Yield_Credit_Spread,Finance
2026-06-30,2.75,BAMLH0A0HYM2,High_Yield_Credit_Spread,Finance
2026-07-01,2.74,BAMLH0A0HYM2,High_Yield_Credit_Spread,Finance
2026-07-02,2.75,BAMLH0A0HYM2,High_Yield_Credit_Spread,Finance
2026-07-03,2.74,BAMLH0A0HYM2,High_Yield_Credit_Spread,Finance
2026-07-06,2.72,BAMLH0A0HYM2,High_Yield_Credit_Spread,Finance
2026-07-07,2.67,BAMLH0A0HYM2,High_Yield_Credit_Spread,Finance
2026-07-08,2.7,BAMLH0A0HYM2,High_Yield_Credit_Spread,Finance
2026-07-09,2.7,BAMLH0A0HYM2,High_Yield_Credit_Spread,Finance
2026-07-10,2.69,BAMLH0A0HYM2,High_Yield_Credit_Spread,Finance
2026-07-13,2.69,BAMLH0A0HYM2,High_Yield_Credit_Spread,Finance
2026-07-14,2.72,BAMLH0A0HYM2,High_Yield_Credit_Spread,Finance
2026-07-15,2.71,BAMLH0A0HYM2,High_Yield_Credit_Spread,Finance
2026-07-16,2.71,BAMLH0A0HYM2,High_Yield_Credit_Spread,Finance
2026-07-17,2.73,BAMLH0A0HYM2,High_Yield_Credit_Spread,Finance
2026-07-20,2.69,BAMLH0A0HYM2,High_Yield_Credit_Spread,Finance
2026-07-21,2.69,BAMLH0A0HYM2,High_Yield_Credit_Spread,Finance
2026-07-22,2.68,BAMLH0A0HYM2,High_Yield_Credit_Spread,Finance
2026-07-23,2.77,BAMLH0A0HYM2,High_Yield_Credit_Spread,Finance
2026-07-24,2.79,BAMLH0A0HYM2,High_Yield_Credit_Spread,Finance
2026-07-27,2.81,BAMLH0A0HYM2,High_Yield_Credit_Spread,Finance
2026-07-28,2.84,BAMLH0A0HYM2,High_Yield_Credit_Spread,Finance
2026-07-29,2.87,BAMLH0A0HYM2,High_Yield_Credit_Spread,Finance
2026-07-30,2.84,BAMLH0A0HYM2,High_Yield_Credit_Spread,Finance
2026-07-31,2.85,BAMLH0A0HYM2,High_Yield_Credit_Spread,Finance
2026-08-03,2.78,BAMLH0A0HYM2,High_Yield_Credit_Spread,Finance
2026-08-04,2.73,BAMLH0A0HYM2,High_Yield_Credit_Spread,Finance
2026-08-05,2.75,BAMLH0A0HYM2,High_Yield_Credit_Spread,Finance
2026-08-06,2.71,BAMLH0A0HYM2,High_Yield_Credit_Spread,Finance
2026-08-07,2.7,BAMLH0A0HYM2,High_Yield_Credit_Spread,Finance
2026-08-10,2.7,BAMLH0A0HYM2,High_Yield_Credit_Spread,Finance
2026-08-11,2.72,BAMLH0A0HYM2,High_Yield_Credit_Spread,Finance
2026-08-12,2.71,BAMLH0A0HYM2,High_Yield_Credit_Spread,Finance
2026-08-13,2.71,BAMLH0A0HYM2,High_Yield_Credit_Spread,Finance
2026-08-14,2.67,BAMLH0A0HYM2,High_Yield_Credit_Spread,Finance
2026-08-17,2.7,BAMLH0A0HYM2,High_Yield_Credit_Spread,Finance
2026-08-18,2.75,BAMLH0A0HYM2,High_Yield_Credit_Spread,Finance
2026-08-19,2.73,BAMLH0A0HYM2,High_Yield_Credit_Spread,Finance
2026-08-20,2.75,BAMLH0A0HYM2,High_Yield_Credit_Spread,Finance
2026-08-21,2.7,BAMLH0A0HYM2,High_Yield_Credit_Spread,Finance
2026-08-24,2.69,BAMLH0A0HYM2,High_Yield_Credit_Spread,Finance
2026-08-25,2.7,BAMLH0A0HYM2,High_Yield_Credit_Spread,Finance
2026-08-26,2.67,BAMLH0A0HYM2,High_Yield_Credit_Spread,Finance
2026-08-27,2.63,BAMLH0A0HYM2,High_Yield_Credit_Spread,Finance
2026-08-28,2.6,BAMLH0A0HYM2,High_Yield_Credit_Spread,Finance
2026-08-31,2.63,BAMLH0A0HYM2,High_Yield_Credit_Spread,Finance
2026-09-01,2.65,BAMLH0A0HYM2,High_Yield_Credit_Spread,Finance
2026-09-02,2.66,BAMLH0A0HYM2,High_Yield_Credit_Spread,Finance
2026-09-03,2.65,BAMLH0A0HYM2,High_Yield_Credit_Spread,Finance
2026-09-04,2.68,BAMLH0A0HYM2,High_Yield_Credit_Spread,Finance
2026-09-07,2.68,BAMLH0A0HYM2,High_Yield_Credit_Spread,Finance
2026-09-08,2.67,BAMLH0A0HYM2,High_Yield_Credit_Spread,Finance
2026-09-09,2.71,BAMLH0A0HYM2,High_Yield_Credit_Spread,Finance
2026-09-10,2.7,BAMLH0A0HYM2,High_Yield_Credit_Spread,Finance
2026-09-11,2.65,BAMLH0A0HYM2,High_Yield_Credit_Spread,Finance
2026-09-14,2.71,BAMLH0A0HYM2,High_Yield_Credit_Spread,Finance
2026-09-15,2.76,BAMLH0A0HYM2,High_Yield_Credit_Spread,Finance
2026-09-16,2.7,BAMLH0A0HYM2,High_Yield_Credit_Spread,Finance
2025-01-03,-0.6119,STLFSI4,Financial_Stress_Index,Finance
2025-01-10,-0.7975,STLFSI4,Financial_Stress_Index,Finance
2025-01-17,-0.8179,STLFSI4,Financial_Stress_Index,Finance
2025-01-24,-0.9632,STLFSI4,Financial_Stress_Index,Finance
2025-01-31,-0.7504,STLFSI4,Financial_Stress_Index,Finance
2025-02-07,-0.7737,STLFSI4,Financial_Stress_Index,Finance
2025-02-14,-0.8244,STLFSI4,Financial_Stress_Index,Finance
2025-02-21,-0.7515,STLFSI4,Financial_Stress_Index,Finance
2025-02-28,-0.4361,STLFSI4,Financial_Stress_Index,Finance
2025-03-07,-0.3438,STLFSI4,Financial_Stress_Index,Finance
2025-03-14,-0.2069,STLFSI4,Financial_Stress_Index,Finance
2025-03-21,-0.6351,STLFSI4,Financial_Stress_Index,Finance
2025-03-28,-0.618,STLFSI4,Financial_Stress_Index,Finance
2025-04-04,0.1167,STLFSI4,Financial_Stress_Index,Finance
2025-04-11,0.5834,STLFSI4,Financial_Stress_Index,Finance
2025-04-18,-0.1887,STLFSI4,Financial_Stress_Index,Finance
2025-04-25,-0.2566,STLFSI4,Financial_Stress_Index,Finance
2025-05-02,-0.3264,STLFSI4,Financial_Stress_Index,Finance
2025-05-09,-0.4648,STLFSI4,Financial_Stress_Index,Finance
2025-05-16,-0.8942,STLFSI4,Financial_Stress_Index,Finance
2025-05-23,-0.4941,STLFSI4,Financial_Stress_Index,Finance
2025-05-30,-0.5242,STLFSI4,Financial_Stress_Index,Finance
2025-06-06,-0.7981,STLFSI4,Financial_Stress_Index,Finance
2025-06-13,-0.7744,STLFSI4,Financial_Stress_Index,Finance
2025-06-20,-0.6433,STLFSI4,Financial_Stress_Index,Finance
2025-06-27,-0.6904,STLFSI4,Financial_Stress_Index,Finance
2025-07-04,-0.8706,STLFSI4,Financial_Stress_Index,Finance
2025-07-11,-0.7502,STLFSI4,Financial_Stress_Index,Finance
2025-07-18,-0.7133,STLFSI4,Financial_Stress_Index,Finance
2025-07-25,-0.7908,STLFSI4,Financial_Stress_Index,Finance
2025-08-01,-0.6731,STLFSI4,Financial_Stress_Index,Finance
2025-08-08,-0.5593,STLFSI4,Financial_Stress_Index,Finance
2025-08-15,-0.8159,STLFSI4,Financial_Stress_Index,Finance
2025-08-22,-0.7493,STLFSI4,Financial_Stress_Index,Finance
2025-08-29,-0.6007,STLFSI4,Financial_Stress_Index,Finance
2025-09-05,-0.4158,STLFSI4,Financial_Stress_Index,Finance
2025-09-12,-0.5535,STLFSI4,Financial_Stress_Index,Finance
2025-09-19,-0.5889,STLFSI4,Financial_Stress_Index,Finance
2025-09-26,-0.5356,STLFSI4,Financial_Stress_Index,Finance
2025-10-03,-0.49,STLFSI4,Financial_Stress_Index,Finance
2025-10-10,-0.481,STLFSI4,Financial_Stress_Index,Finance
2025-10-17,-0.3578,STLFSI4,Financial_Stress_Index,Finance
2025-10-24,-0.5032,STLFSI4,Financial_Stress_Index,Finance
2025-10-31,-0.459,STLFSI4,Financial_Stress_Index,Finance
2025-11-07,-0.3112,STLFSI4,Financial_Stress_Index,Finance
2025-11-14,-0.5022,STLFSI4,Financial_Stress_Index,Finance
2025-11-21,-0.1259,STLFSI4,Financial_Stress_Index,Finance
2025-11-28,-0.3838,STLFSI4,Financial_Stress_Index,Finance
2025-12-05,-0.4219,STLFSI4,Financial_Stress_Index,Finance
2025-12-12,-0.3543,STLFSI4,Financial_Stress_Index,Finance
2025-12-19,-0.3307,STLFSI4,Financial_Stress_Index,Finance
2025-12-26,-0.572,STLFSI4,Financial_Stress_Index,Finance
2026-01-02,-0.5562,STLFSI4,Financial_Stress_Index,Finance
2026-01-09,-0.6556,STLFSI4,Financial_Stress_Index,Finance
2026-01-16,-0.6423,STLFSI4,Financial_Stress_Index,Finance
2026-01-23,-0.7065,STLFSI4,Financial_Stress_Index,Finance
2026-01-30,-0.6682,STLFSI4,Financial_Stress_Index,Finance
2026-02-06,-0.6492,STLFSI4,Financial_Stress_Index,Finance
2026-02-13,-0.6056,STLFSI4,Financial_Stress_Index,Finance
2026-02-20,-0.4777,STLFSI4,Financial_Stress_Index,Finance
2026-02-27,-0.433,STLFSI4,Financial_Stress_Index,Finance
2026-03-06,-0.426,STLFSI4,Financial_Stress_Index,Finance
2026-03-13,-0.2977,STLFSI4,Financial_Stress_Index,Finance
2026-03-20,-0.3632,STLFSI4,Financial_Stress_Index,Finance
2026-03-27,-0.1779,STLFSI4,Financial_Stress_Index,Finance
2026-04-03,-0.2284,STLFSI4,Financial_Stress_Index,Finance
2026-04-10,-0.637,STLFSI4,Financial_Stress_Index,Finance
2026-04-17,-0.7473,STLFSI4,Financial_Stress_Index,Finance
2026-04-24,-0.6713,STLFSI4,Financial_Stress_Index,Finance
2026-05-01,-0.6675,STLFSI4,Financial_Stress_Index,Finance
2026-05-08,-0.7564,STLFSI4,Financial_Stress_Index,Finance
2026-05-15,-0.7373,STLFSI4,Financial_Stress_Index,Finance
2026-05-22,-0.7581,STLFSI4,Financial_Stress_Index,Finance
2026-05-29,-0.6761,STLFSI4,Financial_Stress_Index,Finance
2026-06-05,-0.8638,STLFSI4,Financial_Stress_Index,Finance
2026-06-12,-0.7662,STLFSI4,Financial_Stress_Index,Finance
2026-06-19,-0.9497,STLFSI4,Financial_Stress_Index,Finance
2026-06-26,-0.6417,STLFSI4,Financial_Stress_Index,Finance
2026-07-03,-0.7221,STLFSI4,Financial_Stress_Index,Finance
2026-07-10,-0.8825,STLFSI4,Financial_Stress_Index,Finance
2026-07-17,-0.6993,STLFSI4,Financial_Stress_Index,Finance
2026-07-24,-0.826,STLFSI4,Financial_Stress_Index,Finance
2026-07-31,-0.5042,STLFSI4,Financial_Stress_Index,Finance
2026-08-07,-0.7683,STLFSI4,Financial_Stress_Index,Finance
2026-08-14,-0.8273,STLFSI4,Financial_Stress_Index,Finance
2026-08-21,-0.8097,STLFSI4,Financial_Stress_Index,Finance
2026-08-28,-0.8509,STLFSI4,Financial_Stress_Index,Finance
2026-09-04,-0.7893,STLFSI4,Financial_Stress_Index,Finance
2026-09-11,-0.8477,STLFSI4,Financial_Stress_Index,Finance
2025-01-02,17.93,VIXCLS,VIX_Volatility_Index,Finance
2025-01-03,16.13,VIXCLS,VIX_Volatility_Index,Finance
2025-01-06,16.04,VIXCLS,VIX_Volatility_Index,Finance
2025-01-07,17.82,VIXCLS,VIX_Volatility_Index,Finance
2025-01-08,17.7,VIXCLS,VIX_Volatility_Index,Finance
2025-01-09,18.07,VIXCLS,VIX_Volatility_Index,Finance
2025-01-10,19.54,VIXCLS,VIX_Volatility_Index,Finance
2025-01-13,19.19,VIXCLS,VIX_Volatility_Index,Finance
2025-01-14,18.71,VIXCLS,VIX_Volatility_Index,Finance
2025-01-15,16.12,VIXCLS,VIX_Volatility_Index,Finance
2025-01-16,16.6,VIXCLS,VIX_Volatility_Index,Finance
2025-01-17,15.97,VIXCLS,VIX_Volatility_Index,Finance
2025-01-20,15.81,VIXCLS,VIX_Volatility_Index,Finance
2025-01-21,15.06,VIXCLS,VIX_Volatility_Index,Finance
2025-01-22,15.1,VIXCLS,VIX_Volatility_Index,Finance
2025-01-23,15.02,VIXCLS,VIX_Volatility_Index,Finance
2025-01-24,14.85,VIXCLS,VIX_Volatility_Index,Finance
2025-01-27,17.9,VIXCLS,VIX_Volatility_Index,Finance
2025-01-28,16.41,VIXCLS,VIX_Volatility_Index,Finance
2025-01-29,16.56,VIXCLS,VIX_Volatility_Index,Finance
2025-01-30,15.84,VIXCLS,VIX_Volatility_Index,Finance
2025-01-31,16.43,VIXCLS,VIX_Volatility_Index,Finance
2025-02-03,18.62,VIXCLS,VIX_Volatility_Index,Finance
2025-02-04,17.21,VIXCLS,VIX_Volatility_Index,Finance
2025-02-05,15.77,VIXCLS,VIX_Volatility_Index,Finance
2025-02-06,15.5,VIXCLS,VIX_Volatility_Index,Finance
2025-02-07,16.54,VIXCLS,VIX_Volatility_Index,Finance
2025-02-10,15.81,VIXCLS,VIX_Volatility_Index,Finance
2025-02-11,16.02,VIXCLS,VIX_Volatility_Index,Finance
2025-02-12,15.89,VIXCLS,VIX_Volatility_Index,Finance
2025-02-13,15.1,VIXCLS,VIX_Volatility_Index,Finance
2025-02-14,14.77,VIXCLS,VIX_Volatility_Index,Finance
2025-02-17,15.37,VIXCLS,VIX_Volatility_Index,Finance
2025-02-18,15.35,VIXCLS,VIX_Volatility_Index,Finance
2025-02-19,15.27,VIXCLS,VIX_Volatility_Index,Finance
2025-02-20,15.66,VIXCLS,VIX_Volatility_Index,Finance
2025-02-21,18.21,VIXCLS,VIX_Volatility_Index,Finance
2025-02-24,18.98,VIXCLS,VIX_Volatility_Index,Finance
2025-02-25,19.43,VIXCLS,VIX_Volatility_Index,Finance
2025-02-26,19.1,VIXCLS,VIX_Volatility_Index,Finance
2025-02-27,21.13,VIXCLS,VIX_Volatility_Index,Finance
2025-02-28,19.63,VIXCLS,VIX_Volatility_Index,Finance
2025-03-03,22.78,VIXCLS,VIX_Volatility_Index,Finance
2025-03-04,23.51,VIXCLS,VIX_Volatility_Index,Finance
2025-03-05,21.93,VIXCLS,VIX_Volatility_Index,Finance
2025-03-06,24.87,VIXCLS,VIX_Volatility_Index,Finance
2025-03-07,23.37,VIXCLS,VIX_Volatility_Index,Finance
2025-03-10,27.86,VIXCLS,VIX_Volatility_Index,Finance
2025-03-11,26.92,VIXCLS,VIX_Volatility_Index,Finance
2025-03-12,24.23,VIXCLS,VIX_Volatility_Index,Finance
2025-03-13,24.66,VIXCLS,VIX_Volatility_Index,Finance
2025-03-14,21.77,VIXCLS,VIX_Volatility_Index,Finance
2025-03-17,20.51,VIXCLS,VIX_Volatility_Index,Finance
2025-03-18,21.7,VIXCLS,VIX_Volatility_Index,Finance
2025-03-19,19.9,VIXCLS,VIX_Volatility_Index,Finance
2025-03-20,19.8,VIXCLS,VIX_Volatility_Index,Finance
2025-03-21,19.28,VIXCLS,VIX_Volatility_Index,Finance
2025-03-24,17.48,VIXCLS,VIX_Volatility_Index,Finance
2025-03-25,17.15,VIXCLS,VIX_Volatility_Index,Finance
2025-03-26,18.33,VIXCLS,VIX_Volatility_Index,Finance
2025-03-27,18.69,VIXCLS,VIX_Volatility_Index,Finance
2025-03-28,21.65,VIXCLS,VIX_Volatility_Index,Finance
2025-03-31,22.28,VIXCLS,VIX_Volatility_Index,Finance
2025-04-01,21.77,VIXCLS,VIX_Volatility_Index,Finance
2025-04-02,21.51,VIXCLS,VIX_Volatility_Index,Finance
2025-04-03,30.02,VIXCLS,VIX_Volatility_Index,Finance
2025-04-04,45.31,VIXCLS,VIX_Volatility_Index,Finance
2025-04-07,46.98,VIXCLS,VIX_Volatility_Index,Finance
2025-04-08,52.33,VIXCLS,VIX_Volatility_Index,Finance
2025-04-09,33.62,VIXCLS,VIX_Volatility_Index,Finance
2025-04-10,40.72,VIXCLS,VIX_Volatility_Index,Finance
2025-04-11,37.56,VIXCLS,VIX_Volatility_Index,Finance
2025-04-14,30.89,VIXCLS,VIX_Volatility_Index,Finance
2025-04-15,30.12,VIXCLS,VIX_Volatility_Index,Finance
2025-04-16,32.64,VIXCLS,VIX_Volatility_Index,Finance
2025-04-17,29.65,VIXCLS,VIX_Volatility_Index,Finance
2025-04-21,33.82,VIXCLS,VIX_Volatility_Index,Finance
2025-04-22,30.57,VIXCLS,VIX_Volatility_Index,Finance
2025-04-23,28.45,VIXCLS,VIX_Volatility_Index,Finance
2025-04-24,26.47,VIXCLS,VIX_Volatility_Index,Finance
2025-04-25,24.84,VIXCLS,VIX_Volatility_Index,Finance
2025-04-28,25.15,VIXCLS,VIX_Volatility_Index,Finance
2025-04-29,24.17,VIXCLS,VIX_Volatility_Index,Finance
2025-04-30,24.7,VIXCLS,VIX_Volatility_Index,Finance
2025-05-01,24.6,VIXCLS,VIX_Volatility_Index,Finance
2025-05-02,22.68,VIXCLS,VIX_Volatility_Index,Finance
2025-05-05,23.64,VIXCLS,VIX_Volatility_Index,Finance
2025-05-06,24.76,VIXCLS,VIX_Volatility_Index,Finance
2025-05-07,23.55,VIXCLS,VIX_Volatility_Index,Finance
2025-05-08,22.48,VIXCLS,VIX_Volatility_Index,Finance
2025-05-09,21.9,VIXCLS,VIX_Volatility_Index,Finance
2025-05-12,18.39,VIXCLS,VIX_Volatility_Index,Finance
2025-05-13,18.22,VIXCLS,VIX_Volatility_Index,Finance
2025-05-14,18.62,VIXCLS,VIX_Volatility_Index,Finance
2025-05-15,17.83,VIXCLS,VIX_Volatility_Index,Finance
2025-05-16,17.24,VIXCLS,VIX_Volatility_Index,Finance
2025-05-19,18.14,VIXCLS,VIX_Volatility_Index,Finance
2025-05-20,18.09,VIXCLS,VIX_Volatility_Index,Finance
2025-05-21,20.87,VIXCLS,VIX_Volatility_Index,Finance
2025-05-22,20.28,VIXCLS,VIX_Volatility_Index,Finance
2025-05-23,22.29,VIXCLS,VIX_Volatility_Index,Finance
2025-05-26,20.57,VIXCLS,VIX_Volatility_Index,Finance
2025-05-27,18.96,VIXCLS,VIX_Volatility_Index,Finance
2025-05-28,19.31,VIXCLS,VIX_Volatility_Index,Finance
2025-05-29,19.18,VIXCLS,VIX_Volatility_Index,Finance
2025-05-30,18.57,VIXCLS,VIX_Volatility_Index,Finance
2025-06-02,18.36,VIXCLS,VIX_Volatility_Index,Finance
2025-06-03,17.69,VIXCLS,VIX_Volatility_Index,Finance
2025-06-04,17.61,VIXCLS,VIX_Volatility_Index,Finance
2025-06-05,18.48,VIXCLS,VIX_Volatility_Index,Finance
2025-06-06,16.77,VIXCLS,VIX_Volatility_Index,Finance
2025-06-09,17.16,VIXCLS,VIX_Volatility_Index,Finance
2025-06-10,16.95,VIXCLS,VIX_Volatility_Index,Finance
2025-06-11,17.26,VIXCLS,VIX_Volatility_Index,Finance
2025-06-12,18.02,VIXCLS,VIX_Volatility_Index,Finance
2025-06-13,20.82,VIXCLS,VIX_Volatility_Index,Finance
2025-06-16,19.11,VIXCLS,VIX_Volatility_Index,Finance
2025-06-17,21.6,VIXCLS,VIX_Volatility_Index,Finance
2025-06-18,20.14,VIXCLS,VIX_Volatility_Index,Finance
2025-06-19,22.17,VIXCLS,VIX_Volatility_Index,Finance
2025-06-20,20.62,VIXCLS,VIX_Volatility_Index,Finance
2025-06-23,19.83,VIXCLS,VIX_Volatility_Index,Finance
2025-06-24,17.48,VIXCLS,VIX_Volatility_Index,Finance
2025-06-25,16.76,VIXCLS,VIX_Volatility_Index,Finance
2025-06-26,16.59,VIXCLS,VIX_Volatility_Index,Finance
2025-06-27,16.32,VIXCLS,VIX_Volatility_Index,Finance
2025-06-30,16.73,VIXCLS,VIX_Volatility_Index,Finance
2025-07-01,16.83,VIXCLS,VIX_Volatility_Index,Finance
2025-07-02,16.64,VIXCLS,VIX_Volatility_Index,Finance
2025-07-03,16.38,VIXCLS,VIX_Volatility_Index,Finance
2025-07-04,17.48,VIXCLS,VIX_Volatility_Index,Finance
2025-07-07,17.79,VIXCLS,VIX_Volatility_Index,Finance
2025-07-08,16.81,VIXCLS,VIX_Volatility_Index,Finance
2025-07-09,15.94,VIXCLS,VIX_Volatility_Index,Finance
2025-07-10,15.78,VIXCLS,VIX_Volatility_Index,Finance
2025-07-11,16.4,VIXCLS,VIX_Volatility_Index,Finance
2025-07-14,17.2,VIXCLS,VIX_Volatility_Index,Finance
2025-07-15,17.38,VIXCLS,VIX_Volatility_Index,Finance
2025-07-16,17.16,VIXCLS,VIX_Volatility_Index,Finance
2025-07-17,16.52,VIXCLS,VIX_Volatility_Index,Finance
2025-07-18,16.41,VIXCLS,VIX_Volatility_Index,Finance
2025-07-21,16.65,VIXCLS,VIX_Volatility_Index,Finance
2025-07-22,16.5,VIXCLS,VIX_Volatility_Index,Finance
2025-07-23,15.37,VIXCLS,VIX_Volatility_Index,Finance
2025-07-24,15.39,VIXCLS,VIX_Volatility_Index,Finance
2025-07-25,14.93,VIXCLS,VIX_Volatility_Index,Finance
2025-07-28,15.03,VIXCLS,VIX_Volatility_Index,Finance
2025-07-29,15.98,VIXCLS,VIX_Volatility_Index,Finance
2025-07-30,15.48,VIXCLS,VIX_Volatility_Index,Finance
2025-07-31,16.72,VIXCLS,VIX_Volatility_Index,Finance
2025-08-01,20.38,VIXCLS,VIX_Volatility_Index,Finance
2025-08-04,17.52,VIXCLS,VIX_Volatility_Index,Finance
2025-08-05,17.85,VIXCLS,VIX_Volatility_Index,Finance
2025-08-06,16.77,VIXCLS,VIX_Volatility_Index,Finance
2025-08-07,16.57,VIXCLS,VIX_Volatility_Index,Finance
2025-08-08,15.15,VIXCLS,VIX_Volatility_Index,Finance
2025-08-11,16.25,VIXCLS,VIX_Volatility_Index,Finance
2025-08-12,14.73,VIXCLS,VIX_Volatility_Index,Finance
2025-08-13,14.49,VIXCLS,VIX_Volatility_Index,Finance
2025-08-14,14.83,VIXCLS,VIX_Volatility_Index,Finance
2025-08-15,15.09,VIXCLS,VIX_Volatility_Index,Finance
2025-08-18,14.99,VIXCLS,VIX_Volatility_Index,Finance
2025-08-19,15.57,VIXCLS,VIX_Volatility_Index,Finance
2025-08-20,15.69,VIXCLS,VIX_Volatility_Index,Finance
2025-08-21,16.6,VIXCLS,VIX_Volatility_Index,Finance
2025-08-22,14.22,VIXCLS,VIX_Volatility_Index,Finance
2025-08-25,14.79,VIXCLS,VIX_Volatility_Index,Finance
2025-08-26,14.62,VIXCLS,VIX_Volatility_Index,Finance
2025-08-27,14.85,VIXCLS,VIX_Volatility_Index,Finance
2025-08-28,14.43,VIXCLS,VIX_Volatility_Index,Finance
2025-08-29,15.36,VIXCLS,VIX_Volatility_Index,Finance
2025-09-01,16.12,VIXCLS,VIX_Volatility_Index,Finance
2025-09-02,17.17,VIXCLS,VIX_Volatility_Index,Finance
2025-09-03,16.35,VIXCLS,VIX_Volatility_Index,Finance
2025-09-04,15.3,VIXCLS,VIX_Volatility_Index,Finance
2025-09-05,15.18,VIXCLS,VIX_Volatility_Index,Finance
2025-09-08,15.11,VIXCLS,VIX_Volatility_Index,Finance
2025-09-09,15.04,VIXCLS,VIX_Volatility_Index,Finance
2025-09-10,15.35,VIXCLS,VIX_Volatility_Index,Finance
2025-09-11,14.71,VIXCLS,VIX_Volatility_Index,Finance
2025-09-12,14.76,VIXCLS,VIX_Volatility_Index,Finance
2025-09-15,15.69,VIXCLS,VIX_Volatility_Index,Finance
2025-09-16,16.36,VIXCLS,VIX_Volatility_Index,Finance
2025-09-17,15.72,VIXCLS,VIX_Volatility_Index,Finance
2025-09-18,15.7,VIXCLS,VIX_Volatility_Index,Finance
2025-09-19,15.45,VIXCLS,VIX_Volatility_Index,Finance
2025-09-22,16.1,VIXCLS,VIX_Volatility_Index,Finance
2025-09-23,16.64,VIXCLS,VIX_Volatility_Index,Finance
2025-09-24,16.18,VIXCLS,VIX_Volatility_Index,Finance
2025-09-25,16.74,VIXCLS,VIX_Volatility_Index,Finance
2025-09-26,15.29,VIXCLS,VIX_Volatility_Index,Finance
2025-09-29,16.12,VIXCLS,VIX_Volatility_Index,Finance
2025-09-30,16.28,VIXCLS,VIX_Volatility_Index,Finance
2025-10-01,16.29,VIXCLS,VIX_Volatility_Index,Finance
2025-10-02,16.63,VIXCLS,VIX_Volatility_Index,Finance
2025-10-03,16.65,VIXCLS,VIX_Volatility_Index,Finance
2025-10-06,16.37,VIXCLS,VIX_Volatility_Index,Finance
2025-10-07,17.24,VIXCLS,VIX_Volatility_Index,Finance
2025-10-08,16.3,VIXCLS,VIX_Volatility_Index,Finance
2025-10-09,16.43,VIXCLS,VIX_Volatility_Index,Finance
2025-10-10,21.66,VIXCLS,VIX_Volatility_Index,Finance
2025-10-13,19.03,VIXCLS,VIX_Volatility_Index,Finance
2025-10-14,20.81,VIXCLS,VIX_Volatility_Index,Finance
2025-10-15,20.64,VIXCLS,VIX_Volatility_Index,Finance
2025-10-16,25.31,VIXCLS,VIX_Volatility_Index,Finance
2025-10-17,20.78,VIXCLS,VIX_Volatility_Index,Finance
2025-10-20,18.23,VIXCLS,VIX_Volatility_Index,Finance
2025-10-21,17.87,VIXCLS,VIX_Volatility_Index,Finance
2025-10-22,18.6,VIXCLS,VIX_Volatility_Index,Finance
2025-10-23,17.3,VIXCLS,VIX_Volatility_Index,Finance
2025-10-24,16.37,VIXCLS,VIX_Volatility_Index,Finance
2025-10-27,15.79,VIXCLS,VIX_Volatility_Index,Finance
2025-10-28,16.42,VIXCLS,VIX_Volatility_Index,Finance
2025-10-29,16.92,VIXCLS,VIX_Volatility_Index,Finance
2025-10-30,16.91,VIXCLS,VIX_Volatility_Index,Finance
2025-10-31,17.44,VIXCLS,VIX_Volatility_Index,Finance
2025-11-03,17.17,VIXCLS,VIX_Volatility_Index,Finance
2025-11-04,19.0,VIXCLS,VIX_Volatility_Index,Finance
2025-11-05,18.01,VIXCLS,VIX_Volatility_Index,Finance
2025-11-06,19.5,VIXCLS,VIX_Volatility_Index,Finance
2025-11-07,19.08,VIXCLS,VIX_Volatility_Index,Finance
2025-11-10,17.6,VIXCLS,VIX_Volatility_Index,Finance
2025-11-11,17.28,VIXCLS,VIX_Volatility_Index,Finance
2025-11-12,17.51,VIXCLS,VIX_Volatility_Index,Finance
2025-11-13,20.0,VIXCLS,VIX_Volatility_Index,Finance
2025-11-14,19.83,VIXCLS,VIX_Volatility_Index,Finance
2025-11-17,22.38,VIXCLS,VIX_Volatility_Index,Finance
2025-11-18,24.69,VIXCLS,VIX_Volatility_Index,Finance
2025-11-19,23.66,VIXCLS,VIX_Volatility_Index,Finance
2025-11-20,26.42,VIXCLS,VIX_Volatility_Index,Finance
2025-11-21,23.43,VIXCLS,VIX_Volatility_Index,Finance
2025-11-24,20.52,VIXCLS,VIX_Volatility_Index,Finance
2025-11-25,18.56,VIXCLS,VIX_Volatility_Index,Finance
2025-11-26,17.19,VIXCLS,VIX_Volatility_Index,Finance
2025-11-27,17.21,VIXCLS,VIX_Volatility_Index,Finance
2025-11-28,16.35,VIXCLS,VIX_Volatility_Index,Finance
2025-12-01,17.24,VIXCLS,VIX_Volatility_Index,Finance
2025-12-02,16.59,VIXCLS,VIX_Volatility_Index,Finance
2025-12-03,16.08,VIXCLS,VIX_Volatility_Index,Finance
2025-12-04,15.78,VIXCLS,VIX_Volatility_Index,Finance
2025-12-05,15.41,VIXCLS,VIX_Volatility_Index,Finance
2025-12-08,16.66,VIXCLS,VIX_Volatility_Index,Finance
2025-12-09,16.93,VIXCLS,VIX_Volatility_Index,Finance
2025-12-10,15.77,VIXCLS,VIX_Volatility_Index,Finance
2025-12-11,14.85,VIXCLS,VIX_Volatility_Index,Finance
2025-12-12,15.74,VIXCLS,VIX_Volatility_Index,Finance
2025-12-15,16.5,VIXCLS,VIX_Volatility_Index,Finance
2025-12-16,16.48,VIXCLS,VIX_Volatility_Index,Finance
2025-12-17,17.62,VIXCLS,VIX_Volatility_Index,Finance
2025-12-18,16.87,VIXCLS,VIX_Volatility_Index,Finance
2025-12-19,14.91,VIXCLS,VIX_Volatility_Index,Finance
2025-12-22,14.08,VIXCLS,VIX_Volatility_Index,Finance
2025-12-23,14.0,VIXCLS,VIX_Volatility_Index,Finance
2025-12-24,13.47,VIXCLS,VIX_Volatility_Index,Finance
2025-12-26,13.6,VIXCLS,VIX_Volatility_Index,Finance
2025-12-29,14.2,VIXCLS,VIX_Volatility_Index,Finance
2025-12-30,14.33,VIXCLS,VIX_Volatility_Index,Finance
2025-12-31,14.95,VIXCLS,VIX_Volatility_Index,Finance
2026-01-02,14.51,VIXCLS,VIX_Volatility_Index,Finance
2026-01-05,14.9,VIXCLS,VIX_Volatility_Index,Finance
2026-01-06,14.75,VIXCLS,VIX_Volatility_Index,Finance
2026-01-07,15.38,VIXCLS,VIX_Volatility_Index,Finance
2026-01-08,15.45,VIXCLS,VIX_Volatility_Index,Finance
2026-01-09,14.49,VIXCLS,VIX_Volatility_Index,Finance
2026-01-12,15.12,VIXCLS,VIX_Volatility_Index,Finance
2026-01-13,15.98,VIXCLS,VIX_Volatility_Index,Finance
2026-01-14,16.75,VIXCLS,VIX_Volatility_Index,Finance
2026-01-15,15.84,VIXCLS,VIX_Volatility_Index,Finance
2026-01-16,15.86,VIXCLS,VIX_Volatility_Index,Finance
2026-01-19,18.84,VIXCLS,VIX_Volatility_Index,Finance
2026-01-20,20.09,VIXCLS,VIX_Volatility_Index,Finance
2026-01-21,16.9,VIXCLS,VIX_Volatility_Index,Finance
2026-01-22,15.64,VIXCLS,VIX_Volatility_Index,Finance
2026-01-23,16.09,VIXCLS,VIX_Volatility_Index,Finance
2026-01-26,16.15,VIXCLS,VIX_Volatility_Index,Finance
2026-01-27,16.35,VIXCLS,VIX_Volatility_Index,Finance
2026-01-28,16.35,VIXCLS,VIX_Volatility_Index,Finance
2026-01-29,16.88,VIXCLS,VIX_Volatility_Index,Finance
2026-01-30,17.44,VIXCLS,VIX_Volatility_Index,Finance
2026-02-02,16.34,VIXCLS,VIX_Volatility_Index,Finance
2026-02-03,18.0,VIXCLS,VIX_Volatility_Index,Finance
2026-02-04,18.64,VIXCLS,VIX_Volatility_Index,Finance
2026-02-05,21.77,VIXCLS,VIX_Volatility_Index,Finance
2026-02-06,17.76,VIXCLS,VIX_Volatility_Index,Finance
2026-02-09,17.36,VIXCLS,VIX_Volatility_Index,Finance
2026-02-10,17.79,VIXCLS,VIX_Volatility_Index,Finance
2026-02-11,17.65,VIXCLS,VIX_Volatility_Index,Finance
2026-02-12,20.82,VIXCLS,VIX_Volatility_Index,Finance
2026-02-13,20.6,VIXCLS,VIX_Volatility_Index,Finance
2026-02-16,21.2,VIXCLS,VIX_Volatility_Index,Finance
2026-02-17,20.29,VIXCLS,VIX_Volatility_Index,Finance
2026-02-18,19.62,VIXCLS,VIX_Volatility_Index,Finance
2026-02-19,20.23,VIXCLS,VIX_Volatility_Index,Finance
2026-02-20,19.09,VIXCLS,VIX_Volatility_Index,Finance
2026-02-23,21.01,VIXCLS,VIX_Volatility_Index,Finance
2026-02-24,19.55,VIXCLS,VIX_Volatility_Index,Finance
2026-02-25,17.93,VIXCLS,VIX_Volatility_Index,Finance
2026-02-26,18.63,VIXCLS,VIX_Volatility_Index,Finance
2026-02-27,19.86,VIXCLS,VIX_Volatility_Index,Finance
2026-03-02,21.44,VIXCLS,VIX_Volatility_Index,Finance
2026-03-03,23.57,VIXCLS,VIX_Volatility_Index,Finance
2026-03-04,21.15,VIXCLS,VIX_Volatility_Index,Finance
2026-03-05,23.75,VIXCLS,VIX_Volatility_Index,Finance
2026-03-06,29.49,VIXCLS,VIX_Volatility_Index,Finance
2026-03-09,25.5,VIXCLS,VIX_Volatility_Index,Finance
2026-03-10,24.93,VIXCLS,VIX_Volatility_Index,Finance
2026-03-11,24.23,VIXCLS,VIX_Volatility_Index,Finance
2026-03-12,27.29,VIXCLS,VIX_Volatility_Index,Finance
2026-03-13,27.19,VIXCLS,VIX_Volatility_Index,Finance
2026-03-16,23.51,VIXCLS,VIX_Volatility_Index,Finance
2026-03-17,22.37,VIXCLS,VIX_Volatility_Index,Finance
2026-03-18,25.09,VIXCLS,VIX_Volatility_Index,Finance
2026-03-19,24.06,VIXCLS,VIX_Volatility_Index,Finance
2026-03-20,26.78,VIXCLS,VIX_Volatility_Index,Finance
2026-03-23,26.15,VIXCLS,VIX_Volatility_Index,Finance
2026-03-24,26.95,VIXCLS,VIX_Volatility_Index,Finance
2026-03-25,25.33,VIXCLS,VIX_Volatility_Index,Finance
2026-03-26,27.44,VIXCLS,VIX_Volatility_Index,Finance
2026-03-27,31.05,VIXCLS,VIX_Volatility_Index,Finance
2026-03-30,30.61,VIXCLS,VIX_Volatility_Index,Finance
2026-03-31,25.25,VIXCLS,VIX_Volatility_Index,Finance
2026-04-01,24.54,VIXCLS,VIX_Volatility_Index,Finance
2026-04-02,23.87,VIXCLS,VIX_Volatility_Index,Finance
2026-04-06,24.17,VIXCLS,VIX_Volatility_Index,Finance
2026-04-07,25.78,VIXCLS,VIX_Volatility_Index,Finance
2026-04-08,21.04,VIXCLS,VIX_Volatility_Index,Finance
2026-04-09,19.49,VIXCLS,VIX_Volatility_Index,Finance
2026-04-10,19.23,VIXCLS,VIX_Volatility_Index,Finance
2026-04-13,19.12,VIXCLS,VIX_Volatility_Index,Finance
2026-04-14,18.36,VIXCLS,VIX_Volatility_Index,Finance
2026-04-15,18.17,VIXCLS,VIX_Volatility_Index,Finance
2026-04-16,17.94,VIXCLS,VIX_Volatility_Index,Finance
2026-04-17,17.48,VIXCLS,VIX_Volatility_Index,Finance
2026-04-20,18.87,VIXCLS,VIX_Volatility_Index,Finance
2026-04-21,19.5,VIXCLS,VIX_Volatility_Index,Finance
2026-04-22,18.92,VIXCLS,VIX_Volatility_Index,Finance
2026-04-23,19.31,VIXCLS,VIX_Volatility_Index,Finance
2026-04-24,18.71,VIXCLS,VIX_Volatility_Index,Finance
2026-04-27,18.02,VIXCLS,VIX_Volatility_Index,Finance
2026-04-28,17.83,VIXCLS,VIX_Volatility_Index,Finance
2026-04-29,18.81,VIXCLS,VIX_Volatility_Index,Finance
2026-04-30,16.89,VIXCLS,VIX_Volatility_Index,Finance
2026-05-01,16.99,VIXCLS,VIX_Volatility_Index,Finance
2026-05-04,18.29,VIXCLS,VIX_Volatility_Index,Finance
2026-05-05,17.38,VIXCLS,VIX_Volatility_Index,Finance
2026-05-06,17.39,VIXCLS,VIX_Volatility_Index,Finance
2026-05-07,17.08,VIXCLS,VIX_Volatility_Index,Finance
2026-05-08,17.19,VIXCLS,VIX_Volatility_Index,Finance
2026-05-11,18.38,VIXCLS,VIX_Volatility_Index,Finance
2026-05-12,17.99,VIXCLS,VIX_Volatility_Index,Finance
2026-05-13,17.87,VIXCLS,VIX_Volatility_Index,Finance
2026-05-14,17.26,VIXCLS,VIX_Volatility_Index,Finance
2026-05-15,18.43,VIXCLS,VIX_Volatility_Index,Finance
2026-05-18,17.82,VIXCLS,VIX_Volatility_Index,Finance
2026-05-19,18.06,VIXCLS,VIX_Volatility_Index,Finance
2026-05-20,17.44,VIXCLS,VIX_Volatility_Index,Finance
2026-05-21,16.76,VIXCLS,VIX_Volatility_Index,Finance
2026-05-22,16.7,VIXCLS,VIX_Volatility_Index,Finance
2026-05-25,16.59,VIXCLS,VIX_Volatility_Index,Finance
2026-05-26,17.01,VIXCLS,VIX_Volatility_Index,Finance
2026-05-27,16.29,VIXCLS,VIX_Volatility_Index,Finance
2026-05-28,15.74,VIXCLS,VIX_Volatility_Index,Finance
2026-05-29,15.32,VIXCLS,VIX_Volatility_Index,Finance
2026-06-01,16.05,VIXCLS,VIX_Volatility_Index,Finance
2026-06-02,15.77,VIXCLS,VIX_Volatility_Index,Finance
2026-06-03,16.06,VIXCLS,VIX_Volatility_Index,Finance
2026-06-04,15.4,VIXCLS,VIX_Volatility_Index,Finance
2026-06-05,21.51,VIXCLS,VIX_Volatility_Index,Finance
2026-06-08,18.92,VIXCLS,VIX_Volatility_Index,Finance
2026-06-09,19.87,VIXCLS,VIX_Volatility_Index,Finance
2026-06-10,22.22,VIXCLS,VIX_Volatility_Index,Finance
2026-06-11,19.44,VIXCLS,VIX_Volatility_Index,Finance
2026-06-12,17.68,VIXCLS,VIX_Volatility_Index,Finance
2026-06-15,16.2,VIXCLS,VIX_Volatility_Index,Finance
2026-06-16,16.41,VIXCLS,VIX_Volatility_Index,Finance
2026-06-17,18.44,VIXCLS,VIX_Volatility_Index,Finance
2026-06-18,16.4,VIXCLS,VIX_Volatility_Index,Finance
2026-06-19,16.78,VIXCLS,VIX_Volatility_Index,Finance
2026-06-22,17.28,VIXCLS,VIX_Volatility_Index,Finance
2026-06-23,19.49,VIXCLS,VIX_Volatility_Index,Finance
2026-06-24,18.63,VIXCLS,VIX_Volatility_Index,Finance
2026-06-25,18.89,VIXCLS,VIX_Volatility_Index,Finance
2026-06-26,18.41,VIXCLS,VIX_Volatility_Index,Finance
2026-06-29,17.65,VIXCLS,VIX_Volatility_Index,Finance
2026-06-30,16.45,VIXCLS,VIX_Volatility_Index,Finance
2026-07-01,16.59,VIXCLS,VIX_Volatility_Index,Finance
2026-07-02,16.15,VIXCLS,VIX_Volatility_Index,Finance
2026-07-03,15.81,VIXCLS,VIX_Volatility_Index,Finance
2026-07-06,15.57,VIXCLS,VIX_Volatility_Index,Finance
2026-07-07,16.13,VIXCLS,VIX_Volatility_Index,Finance
2026-07-08,16.9,VIXCLS,VIX_Volatility_Index,Finance
2026-07-09,15.84,VIXCLS,VIX_Volatility_Index,Finance
2026-07-10,15.03,VIXCLS,VIX_Volatility_Index,Finance
2026-07-13,17.16,VIXCLS,VIX_Volatility_Index,Finance
2026-07-14,16.5,VIXCLS,VIX_Volatility_Index,Finance
2026-07-15,15.67,VIXCLS,VIX_Volatility_Index,Finance
2026-07-16,16.73,VIXCLS,VIX_Volatility_Index,Finance
2026-07-17,18.77,VIXCLS,VIX_Volatility_Index,Finance
2026-07-20,18.65,VIXCLS,VIX_Volatility_Index,Finance
2026-07-21,17.05,VIXCLS,VIX_Volatility_Index,Finance
2026-07-22,16.64,VIXCLS,VIX_Volatility_Index,Finance
2026-07-23,18.7,VIXCLS,VIX_Volatility_Index,Finance
2026-07-24,18.58,VIXCLS,VIX_Volatility_Index,Finance
2026-07-27,18.67,VIXCLS,VIX_Volatility_Index,Finance
2026-07-28,18.21,VIXCLS,VIX_Volatility_Index,Finance
2026-07-29,20.66,VIXCLS,VIX_Volatility_Index,Finance
2026-07-30,17.09,VIXCLS,VIX_Volatility_Index,Finance
2026-07-31,15.99,VIXCLS,VIX_Volatility_Index,Finance
2026-08-03,15.86,VIXCLS,VIX_Volatility_Index,Finance
2026-08-04,16.5,VIXCLS,VIX_Volatility_Index,Finance
2026-08-05,15.81,VIXCLS,VIX_Volatility_Index,Finance
2026-08-06,15.15,VIXCLS,VIX_Volatility_Index,Finance
2026-08-07,14.9,VIXCLS,VIX_Volatility_Index,Finance
2026-08-10,15.46,VIXCLS,VIX_Volatility_Index,Finance
2026-08-11,15.28,VIXCLS,VIX_Volatility_Index,Finance
2026-08-12,14.55,VIXCLS,VIX_Volatility_Index,Finance
2026-08-13,14.63,VIXCLS,VIX_Volatility_Index,Finance
2026-08-14,14.25,VIXCLS,VIX_Volatility_Index,Finance
2026-08-17,15.19,VIXCLS,VIX_Volatility_Index,Finance
2026-08-18,15.84,VIXCLS,VIX_Volatility_Index,Finance
2026-08-19,14.89,VIXCLS,VIX_Volatility_Index,Finance
2026-08-20,16.01,VIXCLS,VIX_Volatility_Index,Finance
2026-08-21,15.13,VIXCLS,VIX_Volatility_Index,Finance
2026-08-24,15.85,VIXCLS,VIX_Volatility_Index,Finance
2026-08-25,15.45,VIXCLS,VIX_Volatility_Index,Finance
2026-08-26,15.21,VIXCLS,VIX_Volatility_Index,Finance
2026-08-27,14.51,VIXCLS,VIX_Volatility_Index,Finance
2026-08-28,14.43,VIXCLS,VIX_Volatility_Index,Finance
2026-08-31,14.92,VIXCLS,VIX_Volatility_Index,Finance
2026-09-01,16.34,VIXCLS,VIX_Volatility_Index,Finance
2026-09-02,15.2,VIXCLS,VIX_Volatility_Index,Finance
2026-09-03,14.32,VIXCLS,VIX_Volatility_Index,Finance
2026-09-04,14.53,VIXCLS,VIX_Volatility_Index,Finance
2026-09-07,15.3,VIXCLS,VIX_Volatility_Index,Finance
2026-09-08,15.72,VIXCLS,VIX_Volatility_Index,Finance
2026-09-09,16.46,VIXCLS,VIX_Volatility_Index,Finance
2026-09-10,17.84,VIXCLS,VIX_Volatility_Index,Finance
2026-09-11,15.84,VIXCLS,VIX_Volatility_Index,Finance
2026-09-14,17.1,VIXCLS,VIX_Volatility_Index,Finance
2026-09-15,17.2,VIXCLS,VIX_Volatility_Index,Finance
2026-09-16,17.71,VIXCLS,VIX_Volatility_Index,Finance
2025-01-02,5868.55,SP500,SP500_Stock_Index,Finance
2025-01-03,5942.47,SP500,SP500_Stock_Index,Finance
2025-01-06,5975.38,SP500,SP500_Stock_Index,Finance
2025-01-07,5909.03,SP500,SP500_Stock_Index,Finance
2025-01-08,5918.25,SP500,SP500_Stock_Index,Finance
2025-01-10,5827.04,SP500,SP500_Stock_Index,Finance
2025-01-13,5836.22,SP500,SP500_Stock_Index,Finance
2025-01-14,5842.91,SP500,SP500_Stock_Index,Finance
2025-01-15,5949.91,SP500,SP500_Stock_Index,Finance
2025-01-16,5937.34,SP500,SP500_Stock_Index,Finance
2025-01-17,5996.66,SP500,SP500_Stock_Index,Finance
2025-01-21,6049.24,SP500,SP500_Stock_Index,Finance
2025-01-22,6086.37,SP500,SP500_Stock_Index,Finance
2025-01-23,6118.71,SP500,SP500_Stock_Index,Finance
2025-01-24,6101.24,SP500,SP500_Stock_Index,Finance
2025-01-27,6012.28,SP500,SP500_Stock_Index,Finance
2025-01-28,6067.7,SP500,SP500_Stock_Index,Finance
2025-01-29,6039.31,SP500,SP500_Stock_Index,Finance
2025-01-30,6071.17,SP500,SP500_Stock_Index,Finance
2025-01-31,6040.53,SP500,SP500_Stock_Index,Finance
2025-02-03,5994.57,SP500,SP500_Stock_Index,Finance
2025-02-04,6037.88,SP500,SP500_Stock_Index,Finance
2025-02-05,6061.48,SP500,SP500_Stock_Index,Finance
2025-02-06,6083.57,SP500,SP500_Stock_Index,Finance
2025-02-07,6025.99,SP500,SP500_Stock_Index,Finance
2025-02-10,6066.44,SP500,SP500_Stock_Index,Finance
2025-02-11,6068.5,SP500,SP500_Stock_Index,Finance
2025-02-12,6051.97,SP500,SP500_Stock_Index,Finance
2025-02-13,6115.07,SP500,SP500_Stock_Index,Finance
2025-02-14,6114.63,SP500,SP500_Stock_Index,Finance
2025-02-18,6129.58,SP500,SP500_Stock_Index,Finance
2025-02-19,6144.15,SP500,SP500_Stock_Index,Finance
2025-02-20,6117.52,SP500,SP500_Stock_Index,Finance
2025-02-21,6013.13,SP500,SP500_Stock_Index,Finance
2025-02-24,5983.25,SP500,SP500_Stock_Index,Finance
2025-02-25,5955.25,SP500,SP500_Stock_Index,Finance
2025-02-26,5956.06,SP500,SP500_Stock_Index,Finance
2025-02-27,5861.57,SP500,SP500_Stock_Index,Finance
2025-02-28,5954.5,SP500,SP500_Stock_Index,Finance
2025-03-03,5849.72,SP500,SP500_Stock_Index,Finance
2025-03-04,5778.15,SP500,SP500_Stock_Index,Finance
2025-03-05,5842.63,SP500,SP500_Stock_Index,Finance
2025-03-06,5738.52,SP500,SP500_Stock_Index,Finance
2025-03-07,5770.2,SP500,SP500_Stock_Index,Finance
2025-03-10,5614.56,SP500,SP500_Stock_Index,Finance
2025-03-11,5572.07,SP500,SP500_Stock_Index,Finance
2025-03-12,5599.3,SP500,SP500_Stock_Index,Finance
2025-03-13,5521.52,SP500,SP500_Stock_Index,Finance
2025-03-14,5638.94,SP500,SP500_Stock_Index,Finance
2025-03-17,5675.12,SP500,SP500_Stock_Index,Finance
2025-03-18,5614.66,SP500,SP500_Stock_Index,Finance
2025-03-19,5675.29,SP500,SP500_Stock_Index,Finance
2025-03-20,5662.89,SP500,SP500_Stock_Index,Finance
2025-03-21,5667.56,SP500,SP500_Stock_Index,Finance
2025-03-24,5767.57,SP500,SP500_Stock_Index,Finance
2025-03-25,5776.65,SP500,SP500_Stock_Index,Finance
2025-03-26,5712.2,SP500,SP500_Stock_Index,Finance
2025-03-27,5693.31,SP500,SP500_Stock_Index,Finance
2025-03-28,5580.94,SP500,SP500_Stock_Index,Finance
2025-03-31,5611.85,SP500,SP500_Stock_Index,Finance
2025-04-01,5633.07,SP500,SP500_Stock_Index,Finance
2025-04-02,5670.97,SP500,SP500_Stock_Index,Finance
2025-04-03,5396.52,SP500,SP500_Stock_Index,Finance
2025-04-04,5074.08,SP500,SP500_Stock_Index,Finance
2025-04-07,5062.25,SP500,SP500_Stock_Index,Finance
2025-04-08,4982.77,SP500,SP500_Stock_Index,Finance
2025-04-09,5456.9,SP500,SP500_Stock_Index,Finance
2025-04-10,5268.05,SP500,SP500_Stock_Index,Finance
2025-04-11,5363.36,SP500,SP500_Stock_Index,Finance
2025-04-14,5405.97,SP500,SP500_Stock_Index,Finance
2025-04-15,5396.63,SP500,SP500_Stock_Index,Finance
2025-04-16,5275.7,SP500,SP500_Stock_Index,Finance
2025-04-17,5282.7,SP500,SP500_Stock_Index,Finance
2025-04-21,5158.2,SP500,SP500_Stock_Index,Finance
2025-04-22,5287.76,SP500,SP500_Stock_Index,Finance
2025-04-23,5375.86,SP500,SP500_Stock_Index,Finance
2025-04-24,5484.77,SP500,SP500_Stock_Index,Finance
2025-04-25,5525.21,SP500,SP500_Stock_Index,Finance
2025-04-28,5528.75,SP500,SP500_Stock_Index,Finance
2025-04-29,5560.83,SP500,SP500_Stock_Index,Finance
2025-04-30,5569.06,SP500,SP500_Stock_Index,Finance
2025-05-01,5604.14,SP500,SP500_Stock_Index,Finance
2025-05-02,5686.67,SP500,SP500_Stock_Index,Finance
2025-05-05,5650.38,SP500,SP500_Stock_Index,Finance
2025-05-06,5606.91,SP500,SP500_Stock_Index,Finance
2025-05-07,5631.28,SP500,SP500_Stock_Index,Finance
2025-05-08,5663.94,SP500,SP500_Stock_Index,Finance
2025-05-09,5659.91,SP500,SP500_Stock_Index,Finance
2025-05-12,5844.19,SP500,SP500_Stock_Index,Finance
2025-05-13,5886.55,SP500,SP500_Stock_Index,Finance
2025-05-14,5892.58,SP500,SP500_Stock_Index,Finance
2025-05-15,5916.93,SP500,SP500_Stock_Index,Finance
2025-05-16,5958.38,SP500,SP500_Stock_Index,Finance
2025-05-19,5963.6,SP500,SP500_Stock_Index,Finance
2025-05-20,5940.46,SP500,SP500_Stock_Index,Finance
2025-05-21,5844.61,SP500,SP500_Stock_Index,Finance
2025-05-22,5842.01,SP500,SP500_Stock_Index,Finance
2025-05-23,5802.82,SP500,SP500_Stock_Index,Finance
2025-05-27,5921.54,SP500,SP500_Stock_Index,Finance
2025-05-28,5888.55,SP500,SP500_Stock_Index,Finance
2025-05-29,5912.17,SP500,SP500_Stock_Index,Finance
2025-05-30,5911.69,SP500,SP500_Stock_Index,Finance
2025-06-02,5935.94,SP500,SP500_Stock_Index,Finance
2025-06-03,5970.37,SP500,SP500_Stock_Index,Finance
2025-06-04,5970.81,SP500,SP500_Stock_Index,Finance
2025-06-05,5939.3,SP500,SP500_Stock_Index,Finance
2025-06-06,6000.36,SP500,SP500_Stock_Index,Finance
2025-06-09,6005.88,SP500,SP500_Stock_Index,Finance
2025-06-10,6038.81,SP500,SP500_Stock_Index,Finance
2025-06-11,6022.24,SP500,SP500_Stock_Index,Finance
2025-06-12,6045.26,SP500,SP500_Stock_Index,Finance
2025-06-13,5976.97,SP500,SP500_Stock_Index,Finance
2025-06-16,6033.11,SP500,SP500_Stock_Index,Finance
2025-06-17,5982.72,SP500,SP500_Stock_Index,Finance
2025-06-18,5980.87,SP500,SP500_Stock_Index,Finance
2025-06-20,5967.84,SP500,SP500_Stock_Index,Finance
2025-06-23,6025.17,SP500,SP500_Stock_Index,Finance
2025-06-24,6092.18,SP500,SP500_Stock_Index,Finance
2025-06-25,6092.16,SP500,SP500_Stock_Index,Finance
2025-06-26,6141.02,SP500,SP500_Stock_Index,Finance
2025-06-27,6173.07,SP500,SP500_Stock_Index,Finance
2025-06-30,6204.95,SP500,SP500_Stock_Index,Finance
2025-07-01,6198.01,SP500,SP500_Stock_Index,Finance
2025-07-02,6227.42,SP500,SP500_Stock_Index,Finance
2025-07-03,6279.35,SP500,SP500_Stock_Index,Finance
2025-07-07,6229.98,SP500,SP500_Stock_Index,Finance
2025-07-08,6225.52,SP500,SP500_Stock_Index,Finance
2025-07-09,6263.26,SP500,SP500_Stock_Index,Finance
2025-07-10,6280.46,SP500,SP500_Stock_Index,Finance
2025-07-11,6259.75,SP500,SP500_Stock_Index,Finance
2025-07-14,6268.56,SP500,SP500_Stock_Index,Finance
2025-07-15,6243.76,SP500,SP500_Stock_Index,Finance
2025-07-16,6263.7,SP500,SP500_Stock_Index,Finance
2025-07-17,6297.36,SP500,SP500_Stock_Index,Finance
2025-07-18,6296.79,SP500,SP500_Stock_Index,Finance
2025-07-21,6305.6,SP500,SP500_Stock_Index,Finance
2025-07-22,6309.62,SP500,SP500_Stock_Index,Finance
2025-07-23,6358.91,SP500,SP500_Stock_Index,Finance
2025-07-24,6363.35,SP500,SP500_Stock_Index,Finance
2025-07-25,6388.64,SP500,SP500_Stock_Index,Finance
2025-07-28,6389.77,SP500,SP500_Stock_Index,Finance
2025-07-29,6370.86,SP500,SP500_Stock_Index,Finance
2025-07-30,6362.9,SP500,SP500_Stock_Index,Finance
2025-07-31,6339.39,SP500,SP500_Stock_Index,Finance
2025-08-01,6238.01,SP500,SP500_Stock_Index,Finance
2025-08-04,6329.94,SP500,SP500_Stock_Index,Finance
2025-08-05,6299.19,SP500,SP500_Stock_Index,Finance
2025-08-06,6345.06,SP500,SP500_Stock_Index,Finance
2025-08-07,6340.0,SP500,SP500_Stock_Index,Finance
2025-08-08,6389.45,SP500,SP500_Stock_Index,Finance
2025-08-11,6373.45,SP500,SP500_Stock_Index,Finance
2025-08-12,6445.76,SP500,SP500_Stock_Index,Finance
2025-08-13,6466.58,SP500,SP500_Stock_Index,Finance
2025-08-14,6468.54,SP500,SP500_Stock_Index,Finance
2025-08-15,6449.8,SP500,SP500_Stock_Index,Finance
2025-08-18,6449.15,SP500,SP500_Stock_Index,Finance
2025-08-19,6411.37,SP500,SP500_Stock_Index,Finance
2025-08-20,6395.78,SP500,SP500_Stock_Index,Finance
2025-08-21,6370.17,SP500,SP500_Stock_Index,Finance
2025-08-22,6466.91,SP500,SP500_Stock_Index,Finance
2025-08-25,6439.32,SP500,SP500_Stock_Index,Finance
2025-08-26,6465.94,SP500,SP500_Stock_Index,Finance
2025-08-27,6481.4,SP500,SP500_Stock_Index,Finance
2025-08-28,6501.86,SP500,SP500_Stock_Index,Finance
2025-08-29,6460.26,SP500,SP500_Stock_Index,Finance
2025-09-02,6415.54,SP500,SP500_Stock_Index,Finance
2025-09-03,6448.26,SP500,SP500_Stock_Index,Finance
2025-09-04,6502.08,SP500,SP500_Stock_Index,Finance
2025-09-05,6481.5,SP500,SP500_Stock_Index,Finance
2025-09-08,6495.15,SP500,SP500_Stock_Index,Finance
2025-09-09,6512.61,SP500,SP500_Stock_Index,Finance
2025-09-10,6532.04,SP500,SP500_Stock_Index,Finance
2025-09-11,6587.47,SP500,SP500_Stock_Index,Finance
2025-09-12,6584.29,SP500,SP500_Stock_Index,Finance
2025-09-15,6615.28,SP500,SP500_Stock_Index,Finance
2025-09-16,6606.76,SP500,SP500_Stock_Index,Finance
2025-09-17,6600.35,SP500,SP500_Stock_Index,Finance
2025-09-18,6631.96,SP500,SP500_Stock_Index,Finance
2025-09-19,6664.36,SP500,SP500_Stock_Index,Finance
2025-09-22,6693.75,SP500,SP500_Stock_Index,Finance
2025-09-23,6656.92,SP500,SP500_Stock_Index,Finance
2025-09-24,6637.97,SP500,SP500_Stock_Index,Finance
2025-09-25,6604.72,SP500,SP500_Stock_Index,Finance
2025-09-26,6643.7,SP500,SP500_Stock_Index,Finance
2025-09-29,6661.21,SP500,SP500_Stock_Index,Finance
2025-09-30,6688.46,SP500,SP500_Stock_Index,Finance
2025-10-01,6711.2,SP500,SP500_Stock_Index,Finance
2025-10-02,6715.35,SP500,SP500_Stock_Index,Finance
2025-10-03,6715.79,SP500,SP500_Stock_Index,Finance
2025-10-06,6740.28,SP500,SP500_Stock_Index,Finance
2025-10-07,6714.59,SP500,SP500_Stock_Index,Finance
2025-10-08,6753.72,SP500,SP500_Stock_Index,Finance
2025-10-09,6735.11,SP500,SP500_Stock_Index,Finance
2025-10-10,6552.51,SP500,SP500_Stock_Index,Finance
2025-10-13,6654.72,SP500,SP500_Stock_Index,Finance
2025-10-14,6644.31,SP500,SP500_Stock_Index,Finance
2025-10-15,6671.06,SP500,SP500_Stock_Index,Finance
2025-10-16,6629.07,SP500,SP500_Stock_Index,Finance
2025-10-17,6664.01,SP500,SP500_Stock_Index,Finance
2025-10-20,6735.13,SP500,SP500_Stock_Index,Finance
2025-10-21,6735.35,SP500,SP500_Stock_Index,Finance
2025-10-22,6699.4,SP500,SP500_Stock_Index,Finance
2025-10-23,6738.44,SP500,SP500_Stock_Index,Finance
2025-10-24,6791.69,SP500,SP500_Stock_Index,Finance
2025-10-27,6875.16,SP500,SP500_Stock_Index,Finance
2025-10-28,6890.89,SP500,SP500_Stock_Index,Finance
2025-10-29,6890.59,SP500,SP500_Stock_Index,Finance
2025-10-30,6822.34,SP500,SP500_Stock_Index,Finance
2025-10-31,6840.2,SP500,SP500_Stock_Index,Finance
2025-11-03,6851.97,SP500,SP500_Stock_Index,Finance
2025-11-04,6771.55,SP500,SP500_Stock_Index,Finance
2025-11-05,6796.29,SP500,SP500_Stock_Index,Finance
2025-11-06,6720.32,SP500,SP500_Stock_Index,Finance
2025-11-07,6728.8,SP500,SP500_Stock_Index,Finance
2025-11-10,6832.43,SP500,SP500_Stock_Index,Finance
2025-11-11,6846.61,SP500,SP500_Stock_Index,Finance
2025-11-12,6850.92,SP500,SP500_Stock_Index,Finance
2025-11-13,6737.49,SP500,SP500_Stock_Index,Finance
2025-11-14,6734.11,SP500,SP500_Stock_Index,Finance
2025-11-17,6672.41,SP500,SP500_Stock_Index,Finance
2025-11-18,6617.32,SP500,SP500_Stock_Index,Finance
2025-11-19,6642.16,SP500,SP500_Stock_Index,Finance
2025-11-20,6538.76,SP500,SP500_Stock_Index,Finance
2025-11-21,6602.99,SP500,SP500_Stock_Index,Finance
2025-11-24,6705.12,SP500,SP500_Stock_Index,Finance
2025-11-25,6765.88,SP500,SP500_Stock_Index,Finance
2025-11-26,6812.61,SP500,SP500_Stock_Index,Finance
2025-11-28,6849.09,SP500,SP500_Stock_Index,Finance
2025-12-01,6812.63,SP500,SP500_Stock_Index,Finance
2025-12-02,6829.37,SP500,SP500_Stock_Index,Finance
2025-12-03,6849.72,SP500,SP500_Stock_Index,Finance
2025-12-04,6857.12,SP500,SP500_Stock_Index,Finance
2025-12-05,6870.4,SP500,SP500_Stock_Index,Finance
2025-12-08,6846.51,SP500,SP500_Stock_Index,Finance
2025-12-09,6840.51,SP500,SP500_Stock_Index,Finance
2025-12-10,6886.68,SP500,SP500_Stock_Index,Finance
2025-12-11,6901.0,SP500,SP500_Stock_Index,Finance
2025-12-12,6827.41,SP500,SP500_Stock_Index,Finance
2025-12-15,6816.51,SP500,SP500_Stock_Index,Finance
2025-12-16,6800.26,SP500,SP500_Stock_Index,Finance
2025-12-17,6721.43,SP500,SP500_Stock_Index,Finance
2025-12-18,6774.76,SP500,SP500_Stock_Index,Finance
2025-12-19,6834.5,SP500,SP500_Stock_Index,Finance
2025-12-22,6878.49,SP500,SP500_Stock_Index,Finance
2025-12-23,6909.79,SP500,SP500_Stock_Index,Finance
2025-12-24,6932.05,SP500,SP500_Stock_Index,Finance
2025-12-26,6929.94,SP500,SP500_Stock_Index,Finance
2025-12-29,6905.74,SP500,SP500_Stock_Index,Finance
2025-12-30,6896.24,SP500,SP500_Stock_Index,Finance
2025-12-31,6845.5,SP500,SP500_Stock_Index,Finance
2026-01-02,6858.47,SP500,SP500_Stock_Index,Finance
2026-01-05,6902.05,SP500,SP500_Stock_Index,Finance
2026-01-06,6944.82,SP500,SP500_Stock_Index,Finance
2026-01-07,6920.93,SP500,SP500_Stock_Index,Finance
2026-01-08,6921.46,SP500,SP500_Stock_Index,Finance
2026-01-09,6966.28,SP500,SP500_Stock_Index,Finance
2026-01-12,6977.27,SP500,SP500_Stock_Index,Finance
2026-01-13,6963.74,SP500,SP500_Stock_Index,Finance
2026-01-14,6926.6,SP500,SP500_Stock_Index,Finance
2026-01-15,6944.47,SP500,SP500_Stock_Index,Finance
2026-01-16,6940.01,SP500,SP500_Stock_Index,Finance
2026-01-20,6796.86,SP500,SP500_Stock_Index,Finance
2026-01-21,6875.62,SP500,SP500_Stock_Index,Finance
2026-01-22,6913.35,SP500,SP500_Stock_Index,Finance
2026-01-23,6915.61,SP500,SP500_Stock_Index,Finance
2026-01-26,6950.23,SP500,SP500_Stock_Index,Finance
2026-01-27,6978.6,SP500,SP500_Stock_Index,Finance
2026-01-28,6978.03,SP500,SP500_Stock_Index,Finance
2026-01-29,6969.01,SP500,SP500_Stock_Index,Finance
2026-01-30,6939.03,SP500,SP500_Stock_Index,Finance
2026-02-02,6976.44,SP500,SP500_Stock_Index,Finance
2026-02-03,6917.81,SP500,SP500_Stock_Index,Finance
2026-02-04,6882.72,SP500,SP500_Stock_Index,Finance
2026-02-05,6798.4,SP500,SP500_Stock_Index,Finance
2026-02-06,6932.3,SP500,SP500_Stock_Index,Finance
2026-02-09,6964.82,SP500,SP500_Stock_Index,Finance
2026-02-10,6941.81,SP500,SP500_Stock_Index,Finance
2026-02-11,6941.47,SP500,SP500_Stock_Index,Finance
2026-02-12,6832.76,SP500,SP500_Stock_Index,Finance
2026-02-13,6836.17,SP500,SP500_Stock_Index,Finance
2026-02-17,6843.22,SP500,SP500_Stock_Index,Finance
2026-02-18,6881.31,SP500,SP500_Stock_Index,Finance
2026-02-19,6861.89,SP500,SP500_Stock_Index,Finance
2026-02-20,6909.51,SP500,SP500_Stock_Index,Finance
2026-02-23,6837.75,SP500,SP500_Stock_Index,Finance
2026-02-24,6890.07,SP500,SP500_Stock_Index,Finance
2026-02-25,6946.13,SP500,SP500_Stock_Index,Finance
2026-02-26,6908.86,SP500,SP500_Stock_Index,Finance
2026-02-27,6878.88,SP500,SP500_Stock_Index,Finance
2026-03-02,6881.62,SP500,SP500_Stock_Index,Finance
2026-03-03,6816.63,SP500,SP500_Stock_Index,Finance
2026-03-04,6869.5,SP500,SP500_Stock_Index,Finance
2026-03-05,6830.71,SP500,SP500_Stock_Index,Finance
2026-03-06,6740.02,SP500,SP500_Stock_Index,Finance
2026-03-09,6795.99,SP500,SP500_Stock_Index,Finance
2026-03-10,6781.48,SP500,SP500_Stock_Index,Finance
2026-03-11,6775.8,SP500,SP500_Stock_Index,Finance
2026-03-12,6672.62,SP500,SP500_Stock_Index,Finance
2026-03-13,6632.19,SP500,SP500_Stock_Index,Finance
2026-03-16,6699.38,SP500,SP500_Stock_Index,Finance
2026-03-17,6716.09,SP500,SP500_Stock_Index,Finance
2026-03-18,6624.7,SP500,SP500_Stock_Index,Finance
2026-03-19,6606.49,SP500,SP500_Stock_Index,Finance
2026-03-20,6506.48,SP500,SP500_Stock_Index,Finance
2026-03-23,6581.0,SP500,SP500_Stock_Index,Finance
2026-03-24,6556.37,SP500,SP500_Stock_Index,Finance
2026-03-25,6591.9,SP500,SP500_Stock_Index,Finance
2026-03-26,6477.16,SP500,SP500_Stock_Index,Finance
2026-03-27,6368.85,SP500,SP500_Stock_Index,Finance
2026-03-30,6343.72,SP500,SP500_Stock_Index,Finance
2026-03-31,6528.52,SP500,SP500_Stock_Index,Finance
2026-04-01,6575.32,SP500,SP500_Stock_Index,Finance
2026-04-02,6582.69,SP500,SP500_Stock_Index,Finance
2026-04-06,6611.83,SP500,SP500_Stock_Index,Finance
2026-04-07,6616.85,SP500,SP500_Stock_Index,Finance
2026-04-08,6782.81,SP500,SP500_Stock_Index,Finance
2026-04-09,6824.66,SP500,SP500_Stock_Index,Finance
2026-04-10,6816.89,SP500,SP500_Stock_Index,Finance
2026-04-13,6886.24,SP500,SP500_Stock_Index,Finance
2026-04-14,6967.38,SP500,SP500_Stock_Index,Finance
2026-04-15,7022.95,SP500,SP500_Stock_Index,Finance
2026-04-16,7041.28,SP500,SP500_Stock_Index,Finance
2026-04-17,7126.06,SP500,SP500_Stock_Index,Finance
2026-04-20,7109.14,SP500,SP500_Stock_Index,Finance
2026-04-21,7064.01,SP500,SP500_Stock_Index,Finance
2026-04-22,7137.9,SP500,SP500_Stock_Index,Finance
2026-04-23,7108.4,SP500,SP500_Stock_Index,Finance
2026-04-24,7165.08,SP500,SP500_Stock_Index,Finance
2026-04-27,7173.91,SP500,SP500_Stock_Index,Finance
2026-04-28,7138.8,SP500,SP500_Stock_Index,Finance
2026-04-29,7135.95,SP500,SP500_Stock_Index,Finance
2026-04-30,7209.01,SP500,SP500_Stock_Index,Finance
2026-05-01,7230.12,SP500,SP500_Stock_Index,Finance
2026-05-04,7200.75,SP500,SP500_Stock_Index,Finance
2026-05-05,7259.22,SP500,SP500_Stock_Index,Finance
2026-05-06,7365.12,SP500,SP500_Stock_Index,Finance
2026-05-07,7337.11,SP500,SP500_Stock_Index,Finance
2026-05-08,7398.93,SP500,SP500_Stock_Index,Finance
2026-05-11,7412.84,SP500,SP500_Stock_Index,Finance
2026-05-12,7400.96,SP500,SP500_Stock_Index,Finance
2026-05-13,7444.25,SP500,SP500_Stock_Index,Finance
2026-05-14,7501.24,SP500,SP500_Stock_Index,Finance
2026-05-15,7408.5,SP500,SP500_Stock_Index,Finance
2026-05-18,7403.05,SP500,SP500_Stock_Index,Finance
2026-05-19,7353.61,SP500,SP500_Stock_Index,Finance
2026-05-20,7432.97,SP500,SP500_Stock_Index,Finance
2026-05-21,7445.72,SP500,SP500_Stock_Index,Finance
2026-05-22,7473.47,SP500,SP500_Stock_Index,Finance
2026-05-26,7519.12,SP500,SP500_Stock_Index,Finance
2026-05-27,7520.36,SP500,SP500_Stock_Index,Finance
2026-05-28,7563.63,SP500,SP500_Stock_Index,Finance
2026-05-29,7580.06,SP500,SP500_Stock_Index,Finance
2026-06-01,7599.96,SP500,SP500_Stock_Index,Finance
2026-06-02,7609.78,SP500,SP500_Stock_Index,Finance
2026-06-03,7553.68,SP500,SP500_Stock_Index,Finance
2026-06-04,7584.31,SP500,SP500_Stock_Index,Finance
2026-06-05,7383.74,SP500,SP500_Stock_Index,Finance
2026-06-08,7405.73,SP500,SP500_Stock_Index,Finance
2026-06-09,7386.65,SP500,SP500_Stock_Index,Finance
2026-06-10,7266.99,SP500,SP500_Stock_Index,Finance
2026-06-11,7394.3,SP500,SP500_Stock_Index,Finance
2026-06-12,7431.46,SP500,SP500_Stock_Index,Finance
2026-06-15,7554.29,SP500,SP500_Stock_Index,Finance
2026-06-16,7511.35,SP500,SP500_Stock_Index,Finance
2026-06-17,7420.1,SP500,SP500_Stock_Index,Finance
2026-06-18,7500.58,SP500,SP500_Stock_Index,Finance
2026-06-22,7472.79,SP500,SP500_Stock_Index,Finance
2026-06-23,7365.46,SP500,SP500_Stock_Index,Finance
2026-06-24,7358.22,SP500,SP500_Stock_Index,Finance
2026-06-25,7357.49,SP500,SP500_Stock_Index,Finance
2026-06-26,7354.02,SP500,SP500_Stock_Index,Finance
2026-06-29,7440.43,SP500,SP500_Stock_Index,Finance
2026-06-30,7499.36,SP500,SP500_Stock_Index,Finance
2026-07-01,7483.23,SP500,SP500_Stock_Index,Finance
2026-07-02,7483.24,SP500,SP500_Stock_Index,Finance
2026-07-06,7537.43,SP500,SP500_Stock_Index,Finance
2026-07-07,7503.85,SP500,SP500_Stock_Index,Finance
2026-07-08,7482.71,SP500,SP500_Stock_Index,Finance
2026-07-09,7543.64,SP500,SP500_Stock_Index,Finance
2026-07-10,7575.39,SP500,SP500_Stock_Index,Finance
2026-07-13,7515.34,SP500,SP500_Stock_Index,Finance
2026-07-14,7543.59,SP500,SP500_Stock_Index,Finance
2026-07-15,7572.4,SP500,SP500_Stock_Index,Finance
2026-07-16,7533.77,SP500,SP500_Stock_Index,Finance
2026-07-17,7457.69,SP500,SP500_Stock_Index,Finance
2026-07-20,7443.28,SP500,SP500_Stock_Index,Finance
2026-07-21,7509.2,SP500,SP500_Stock_Index,Finance
2026-07-22,7498.96,SP500,SP500_Stock_Index,Finance
2026-07-23,7408.3,SP500,SP500_Stock_Index,Finance
2026-07-24,7411.98,SP500,SP500_Stock_Index,Finance
2026-07-27,7413.18,SP500,SP500_Stock_Index,Finance
2026-07-28,7428.78,SP500,SP500_Stock_Index,Finance
2026-07-29,7316.15,SP500,SP500_Stock_Index,Finance
2026-07-30,7437.63,SP500,SP500_Stock_Index,Finance
2026-07-31,7489.72,SP500,SP500_Stock_Index,Finance
2026-08-03,7600.5,SP500,SP500_Stock_Index,Finance
2026-08-04,7736.52,SP500,SP500_Stock_Index,Finance
2026-08-05,7723.55,SP500,SP500_Stock_Index,Finance
2026-08-06,7709.96,SP500,SP500_Stock_Index,Finance
2026-08-07,7757.64,SP500,SP500_Stock_Index,Finance
2026-08-10,7753.11,SP500,SP500_Stock_Index,Finance
2026-08-11,7728.2,SP500,SP500_Stock_Index,Finance
2026-08-12,7748.5,SP500,SP500_Stock_Index,Finance
2026-08-13,7798.99,SP500,SP500_Stock_Index,Finance
2026-08-14,7785.76,SP500,SP500_Stock_Index,Finance
2026-08-17,7745.06,SP500,SP500_Stock_Index,Finance
2026-08-18,7691.76,SP500,SP500_Stock_Index,Finance
2026-08-19,7707.98,SP500,SP500_Stock_Index,Finance
2026-08-20,7641.16,SP500,SP500_Stock_Index,Finance
2026-08-21,7674.37,SP500,SP500_Stock_Index,Finance
2026-08-24,7652.86,SP500,SP500_Stock_Index,Finance
2026-08-25,7677.28,SP500,SP500_Stock_Index,Finance
2026-08-26,7675.7,SP500,SP500_Stock_Index,Finance
2026-08-27,7730.99,SP500,SP500_Stock_Index,Finance
2026-08-28,7711.76,SP500,SP500_Stock_Index,Finance
2026-08-31,7686.14,SP500,SP500_Stock_Index,Finance
2026-09-01,7631.47,SP500,SP500_Stock_Index,Finance
2026-09-02,7666.6,SP500,SP500_Stock_Index,Finance
2026-09-03,7747.71,SP500,SP500_Stock_Index,Finance
2026-09-04,7718.6,SP500,SP500_Stock_Index,Finance
2026-09-08,7673.52,SP500,SP500_Stock_Index,Finance
2026-09-09,7636.36,SP500,SP500_Stock_Index,Finance
2026-09-10,7591.7,SP500,SP500_Stock_Index,Finance
2026-09-11,7656.98,SP500,SP500_Stock_Index,Finance
2026-09-14,7619.98,SP500,SP500_Stock_Index,Finance
2026-09-15,7585.73,SP500,SP500_Stock_Index,Finance
2026-09-16,7551.81,SP500,SP500_Stock_Index,Finance
2025-01-01,202.92,USEPUINDXD,Economic_Policy_Uncertainty,Politics
2025-01-02,188.9,USEPUINDXD,Economic_Policy_Uncertainty,Politics
2025-01-03,167.41,USEPUINDXD,Economic_Policy_Uncertainty,Politics
2025-01-04,213.62,USEPUINDXD,Economic_Policy_Uncertainty,Politics
2025-01-05,571.19,USEPUINDXD,Economic_Policy_Uncertainty,Politics
2025-01-06,222.31,USEPUINDXD,Economic_Policy_Uncertainty,Politics
2025-01-07,260.94,USEPUINDXD,Economic_Policy_Uncertainty,Politics
2025-01-08,212.01,USEPUINDXD,Economic_Policy_Uncertainty,Politics
2025-01-09,230.71,USEPUINDXD,Economic_Policy_Uncertainty,Politics
2025-01-10,147.76,USEPUINDXD,Economic_Policy_Uncertainty,Politics
2025-01-11,403.4,USEPUINDXD,Economic_Policy_Uncertainty,Politics
2025-01-12,678.32,USEPUINDXD,Economic_Policy_Uncertainty,Politics
2025-01-13,179.6,USEPUINDXD,Economic_Policy_Uncertainty,Politics
2025-01-14,185.4,USEPUINDXD,Economic_Policy_Uncertainty,Politics
2025-01-15,110.72,USEPUINDXD,Economic_Policy_Uncertainty,Politics
2025-01-16,134.68,USEPUINDXD,Economic_Policy_Uncertainty,Politics
2025-01-17,173.63,USEPUINDXD,Economic_Policy_Uncertainty,Politics
2025-01-18,234.19,USEPUINDXD,Economic_Policy_Uncertainty,Politics
2025-01-19,508.27,USEPUINDXD,Economic_Policy_Uncertainty,Politics
2025-01-20,193.71,USEPUINDXD,Economic_Policy_Uncertainty,Politics
2025-01-21,225.37,USEPUINDXD,Economic_Policy_Uncertainty,Politics
2025-01-22,121.77,USEPUINDXD,Economic_Policy_Uncertainty,Politics
2025-01-23,176.52,USEPUINDXD,Economic_Policy_Uncertainty,Politics
2025-01-24,189.16,USEPUINDXD,Economic_Policy_Uncertainty,Politics
2025-01-25,159.12,USEPUINDXD,Economic_Policy_Uncertainty,Politics
2025-01-26,178.55,USEPUINDXD,Economic_Policy_Uncertainty,Politics
2025-01-27,159.42,USEPUINDXD,Economic_Policy_Uncertainty,Politics
2025-01-28,262.69,USEPUINDXD,Economic_Policy_Uncertainty,Politics
2025-01-29,342.27,USEPUINDXD,Economic_Policy_Uncertainty,Politics
2025-01-30,293.51,USEPUINDXD,Economic_Policy_Uncertainty,Politics
2025-01-31,495.78,USEPUINDXD,Economic_Policy_Uncertainty,Politics
2025-02-01,256.1,USEPUINDXD,Economic_Policy_Uncertainty,Politics
2025-02-02,314.4,USEPUINDXD,Economic_Policy_Uncertainty,Politics
2025-02-03,327.16,USEPUINDXD,Economic_Policy_Uncertainty,Politics
2025-02-04,393.35,USEPUINDXD,Economic_Policy_Uncertainty,Politics
2025-02-05,226.19,USEPUINDXD,Economic_Policy_Uncertainty,Politics
2025-02-06,372.45,USEPUINDXD,Economic_Policy_Uncertainty,Politics
2025-02-07,332.89,USEPUINDXD,Economic_Policy_Uncertainty,Politics
2025-02-08,578.84,USEPUINDXD,Economic_Policy_Uncertainty,Politics
2025-02-09,613.98,USEPUINDXD,Economic_Policy_Uncertainty,Politics
2025-02-10,290.34,USEPUINDXD,Economic_Policy_Uncertainty,Politics
2025-02-11,230.88,USEPUINDXD,Economic_Policy_Uncertainty,Politics
2025-02-12,285.28,USEPUINDXD,Economic_Policy_Uncertainty,Politics
2025-02-13,236.69,USEPUINDXD,Economic_Policy_Uncertainty,Politics
2025-02-14,297.91,USEPUINDXD,Economic_Policy_Uncertainty,Politics
2025-02-15,229.66,USEPUINDXD,Economic_Policy_Uncertainty,Politics
2025-02-16,294.91,USEPUINDXD,Economic_Policy_Uncertainty,Politics
2025-02-17,372.7,USEPUINDXD,Economic_Policy_Uncertainty,Politics
2025-02-18,280.36,USEPUINDXD,Economic_Policy_Uncertainty,Politics
2025-02-19,341.49,USEPUINDXD,Economic_Policy_Uncertainty,Politics
2025-02-20,367.92,USEPUINDXD,Economic_Policy_Uncertainty,Politics
2025-02-21,375.62,USEPUINDXD,Economic_Policy_Uncertainty,Politics
2025-02-22,203.15,USEPUINDXD,Economic_Policy_Uncertainty,Politics
2025-02-23,476.69,USEPUINDXD,Economic_Policy_Uncertainty,Politics
2025-02-24,355.9,USEPUINDXD,Economic_Policy_Uncertainty,Politics
2025-02-25,232.14,USEPUINDXD,Economic_Policy_Uncertainty,Politics
2025-02-26,275.17,USEPUINDXD,Economic_Policy_Uncertainty,Politics
2025-02-27,288.54,USEPUINDXD,Economic_Policy_Uncertainty,Politics
2025-02-28,345.22,USEPUINDXD,Economic_Policy_Uncertainty,Politics
2025-03-01,522.4,USEPUINDXD,Economic_Policy_Uncertainty,Politics
2025-03-02,476.54,USEPUINDXD,Economic_Policy_Uncertainty,Politics
2025-03-03,429.75,USEPUINDXD,Economic_Policy_Uncertainty,Politics
2025-03-04,447.53,USEPUINDXD,Economic_Policy_Uncertainty,Politics
2025-03-05,391.3,USEPUINDXD,Economic_Policy_Uncertainty,Politics
2025-03-06,726.26,USEPUINDXD,Economic_Policy_Uncertainty,Politics
2025-03-07,556.7,USEPUINDXD,Economic_Policy_Uncertainty,Politics
2025-03-08,684.13,USEPUINDXD,Economic_Policy_Uncertainty,Politics
2025-03-09,714.21,USEPUINDXD,Economic_Policy_Uncertainty,Politics
2025-03-10,403.78,USEPUINDXD,Economic_Policy_Uncertainty,Politics
2025-03-11,704.03,USEPUINDXD,Economic_Policy_Uncertainty,Politics
2025-03-12,433.5,USEPUINDXD,Economic_Policy_Uncertainty,Politics
2025-03-13,463.36,USEPUINDXD,Economic_Policy_Uncertainty,Politics
2025-03-14,442.46,USEPUINDXD,Economic_Policy_Uncertainty,Politics
2025-03-15,494.6,USEPUINDXD,Economic_Policy_Uncertainty,Politics
2025-03-16,731.78,USEPUINDXD,Economic_Policy_Uncertainty,Politics
2025-03-17,649.53,USEPUINDXD,Economic_Policy_Uncertainty,Politics
2025-03-18,614.24,USEPUINDXD,Economic_Policy_Uncertainty,Politics
2025-03-19,565.45,USEPUINDXD,Economic_Policy_Uncertainty,Politics
2025-03-20,458.66,USEPUINDXD,Economic_Policy_Uncertainty,Politics
2025-03-21,390.35,USEPUINDXD,Economic_Policy_Uncertainty,Politics
2025-03-22,488.06,USEPUINDXD,Economic_Policy_Uncertainty,Politics
2025-03-23,538.36,USEPUINDXD,Economic_Policy_Uncertainty,Politics
2025-03-24,498.84,USEPUINDXD,Economic_Policy_Uncertainty,Politics
2025-03-25,472.98,USEPUINDXD,Economic_Policy_Uncertainty,Politics
2025-03-26,316.49,USEPUINDXD,Economic_Policy_Uncertainty,Politics
2025-03-27,313.11,USEPUINDXD,Economic_Policy_Uncertainty,Politics
2025-03-28,362.44,USEPUINDXD,Economic_Policy_Uncertainty,Politics
2025-03-29,284.53,USEPUINDXD,Economic_Policy_Uncertainty,Politics
2025-03-30,612.15,USEPUINDXD,Economic_Policy_Uncertainty,Politics
2025-03-31,426.16,USEPUINDXD,Economic_Policy_Uncertainty,Politics
2025-04-01,642.48,USEPUINDXD,Economic_Policy_Uncertainty,Politics
2025-04-02,445.6,USEPUINDXD,Economic_Policy_Uncertainty,Politics
2025-04-03,438.93,USEPUINDXD,Economic_Policy_Uncertainty,Politics
2025-04-04,550.44,USEPUINDXD,Economic_Policy_Uncertainty,Politics
2025-04-05,975.6,USEPUINDXD,Economic_Policy_Uncertainty,Politics
2025-04-06,773.67,USEPUINDXD,Economic_Policy_Uncertainty,Politics
2025-04-07,574.97,USEPUINDXD,Economic_Policy_Uncertainty,Politics
2025-04-08,565.99,USEPUINDXD,Economic_Policy_Uncertainty,Politics
2025-04-09,590.08,USEPUINDXD,Economic_Policy_Uncertainty,Politics
2025-04-10,623.53,USEPUINDXD,Economic_Policy_Uncertainty,Politics
2025-04-11,833.81,USEPUINDXD,Economic_Policy_Uncertainty,Politics
2025-04-12,589.49,USEPUINDXD,Economic_Policy_Uncertainty,Politics
2025-04-13,910.15,USEPUINDXD,Economic_Policy_Uncertainty,Politics
2025-04-14,495.65,USEPUINDXD,Economic_Policy_Uncertainty,Politics
2025-04-15,371.94,USEPUINDXD,Economic_Policy_Uncertainty,Politics
2025-04-16,505.79,USEPUINDXD,Economic_Policy_Uncertainty,Politics
2025-04-17,508.01,USEPUINDXD,Economic_Policy_Uncertainty,Politics
2025-04-18,417.47,USEPUINDXD,Economic_Policy_Uncertainty,Politics
2025-04-19,431.85,USEPUINDXD,Economic_Policy_Uncertainty,Politics
2025-04-20,526.52,USEPUINDXD,Economic_Policy_Uncertainty,Politics
2025-04-21,407.95,USEPUINDXD,Economic_Policy_Uncertainty,Politics
2025-04-22,439.04,USEPUINDXD,Economic_Policy_Uncertainty,Politics
2025-04-23,337.82,USEPUINDXD,Economic_Policy_Uncertainty,Politics
2025-04-24,419.9,USEPUINDXD,Economic_Policy_Uncertainty,Politics
2025-04-25,515.91,USEPUINDXD,Economic_Policy_Uncertainty,Politics
2025-04-26,473.09,USEPUINDXD,Economic_Policy_Uncertainty,Politics
2025-04-27,664.45,USEPUINDXD,Economic_Policy_Uncertainty,Politics
2025-04-28,787.79,USEPUINDXD,Economic_Policy_Uncertainty,Politics
2025-04-29,575.26,USEPUINDXD,Economic_Policy_Uncertainty,Politics
2025-04-30,433.1,USEPUINDXD,Economic_Policy_Uncertainty,Politics
2025-05-01,890.82,USEPUINDXD,Economic_Policy_Uncertainty,Politics
2025-05-02,592.35,USEPUINDXD,Economic_Policy_Uncertainty,Politics
2025-05-03,706.16,USEPUINDXD,Economic_Policy_Uncertainty,Politics
2025-05-04,636.65,USEPUINDXD,Economic_Policy_Uncertainty,Politics
2025-05-05,346.64,USEPUINDXD,Economic_Policy_Uncertainty,Politics
2025-05-06,553.82,USEPUINDXD,Economic_Policy_Uncertainty,Politics
2025-05-07,428.17,USEPUINDXD,Economic_Policy_Uncertainty,Politics
2025-05-08,567.82,USEPUINDXD,Economic_Policy_Uncertainty,Politics
2025-05-09,535.71,USEPUINDXD,Economic_Policy_Uncertainty,Politics
2025-05-10,676.42,USEPUINDXD,Economic_Policy_Uncertainty,Politics
2025-05-11,777.17,USEPUINDXD,Economic_Policy_Uncertainty,Politics
2025-05-12,667.23,USEPUINDXD,Economic_Policy_Uncertainty,Politics
2025-05-13,512.95,USEPUINDXD,Economic_Policy_Uncertainty,Politics
2025-05-14,776.77,USEPUINDXD,Economic_Policy_Uncertainty,Politics
2025-05-15,469.0,USEPUINDXD,Economic_Policy_Uncertainty,Politics
2025-05-16,516.56,USEPUINDXD,Economic_Policy_Uncertainty,Politics
2025-05-17,581.6,USEPUINDXD,Economic_Policy_Uncertainty,Politics
2025-05-18,681.45,USEPUINDXD,Economic_Policy_Uncertainty,Politics
2025-05-19,390.58,USEPUINDXD,Economic_Policy_Uncertainty,Politics
2025-05-20,408.7,USEPUINDXD,Economic_Policy_Uncertainty,Politics
2025-05-21,319.48,USEPUINDXD,Economic_Policy_Uncertainty,Politics
2025-05-22,283.69,USEPUINDXD,Economic_Policy_Uncertainty,Politics
2025-05-23,328.74,USEPUINDXD,Economic_Policy_Uncertainty,Politics
2025-05-24,247.2,USEPUINDXD,Economic_Policy_Uncertainty,Politics
2025-05-25,353.81,USEPUINDXD,Economic_Policy_Uncertainty,Politics
2025-05-26,293.68,USEPUINDXD,Economic_Policy_Uncertainty,Politics
2025-05-27,409.58,USEPUINDXD,Economic_Policy_Uncertainty,Politics
2025-05-28,282.29,USEPUINDXD,Economic_Policy_Uncertainty,Politics
2025-05-29,340.04,USEPUINDXD,Economic_Policy_Uncertainty,Politics
2025-05-30,514.0,USEPUINDXD,Economic_Policy_Uncertainty,Politics
2025-05-31,389.5,USEPUINDXD,Economic_Policy_Uncertainty,Politics
2025-06-01,902.62,USEPUINDXD,Economic_Policy_Uncertainty,Politics
2025-06-02,445.03,USEPUINDXD,Economic_Policy_Uncertainty,Politics
2025-06-03,475.75,USEPUINDXD,Economic_Policy_Uncertainty,Politics
2025-06-04,420.42,USEPUINDXD,Economic_Policy_Uncertainty,Politics
2025-06-05,340.8,USEPUINDXD,Economic_Policy_Uncertainty,Politics
2025-06-06,351.94,USEPUINDXD,Economic_Policy_Uncertainty,Politics
2025-06-07,367.07,USEPUINDXD,Economic_Policy_Uncertainty,Politics
2025-06-08,620.59,USEPUINDXD,Economic_Policy_Uncertainty,Politics
2025-06-09,328.87,USEPUINDXD,Economic_Policy_Uncertainty,Politics
2025-06-10,273.63,USEPUINDXD,Economic_Policy_Uncertainty,Politics
2025-06-11,281.91,USEPUINDXD,Economic_Policy_Uncertainty,Politics
2025-06-12,484.65,USEPUINDXD,Economic_Policy_Uncertainty,Politics
2025-06-13,270.05,USEPUINDXD,Economic_Policy_Uncertainty,Politics
2025-06-14,346.92,USEPUINDXD,Economic_Policy_Uncertainty,Politics
2025-06-15,534.57,USEPUINDXD,Economic_Policy_Uncertainty,Politics
2025-06-16,340.61,USEPUINDXD,Economic_Policy_Uncertainty,Politics
2025-06-17,445.72,USEPUINDXD,Economic_Policy_Uncertainty,Politics
2025-06-18,477.28,USEPUINDXD,Economic_Policy_Uncertainty,Politics
2025-06-19,315.71,USEPUINDXD,Economic_Policy_Uncertainty,Politics
2025-06-20,326.33,USEPUINDXD,Economic_Policy_Uncertainty,Politics
2025-06-21,252.25,USEPUINDXD,Economic_Policy_Uncertainty,Politics
2025-06-22,463.29,USEPUINDXD,Economic_Policy_Uncertainty,Politics
2025-06-23,229.7,USEPUINDXD,Economic_Policy_Uncertainty,Politics
2025-06-24,326.19,USEPUINDXD,Economic_Policy_Uncertainty,Politics
2025-06-25,342.66,USEPUINDXD,Economic_Policy_Uncertainty,Politics
2025-06-26,239.86,USEPUINDXD,Economic_Policy_Uncertainty,Politics
2025-06-27,305.07,USEPUINDXD,Economic_Policy_Uncertainty,Politics
2025-06-28,385.22,USEPUINDXD,Economic_Policy_Uncertainty,Politics
2025-06-29,583.73,USEPUINDXD,Economic_Policy_Uncertainty,Politics
2025-06-30,511.44,USEPUINDXD,Economic_Policy_Uncertainty,Politics
2025-07-01,444.86,USEPUINDXD,Economic_Policy_Uncertainty,Politics
2025-07-02,376.21,USEPUINDXD,Economic_Policy_Uncertainty,Politics
2025-07-03,750.31,USEPUINDXD,Economic_Policy_Uncertainty,Politics
2025-07-04,631.92,USEPUINDXD,Economic_Policy_Uncertainty,Politics
2025-07-05,352.05,USEPUINDXD,Economic_Policy_Uncertainty,Politics
2025-07-06,489.75,USEPUINDXD,Economic_Policy_Uncertainty,Politics
2025-07-07,406.62,USEPUINDXD,Economic_Policy_Uncertainty,Politics
2025-07-08,226.19,USEPUINDXD,Economic_Policy_Uncertainty,Politics
2025-07-09,270.45,USEPUINDXD,Economic_Policy_Uncertainty,Politics
2025-07-10,539.55,USEPUINDXD,Economic_Policy_Uncertainty,Politics
2025-07-11,322.44,USEPUINDXD,Economic_Policy_Uncertainty,Politics
2025-07-12,356.31,USEPUINDXD,Economic_Policy_Uncertainty,Politics
2025-07-13,347.85,USEPUINDXD,Economic_Policy_Uncertainty,Politics
2025-07-14,379.41,USEPUINDXD,Economic_Policy_Uncertainty,Politics
2025-07-15,573.74,USEPUINDXD,Economic_Policy_Uncertainty,Politics
2025-07-16,468.19,USEPUINDXD,Economic_Policy_Uncertainty,Politics
2025-07-17,444.91,USEPUINDXD,Economic_Policy_Uncertainty,Politics
2025-07-18,428.28,USEPUINDXD,Economic_Policy_Uncertainty,Politics
2025-07-19,405.06,USEPUINDXD,Economic_Policy_Uncertainty,Politics
2025-07-20,513.08,USEPUINDXD,Economic_Policy_Uncertainty,Politics
2025-07-21,289.39,USEPUINDXD,Economic_Policy_Uncertainty,Politics
2025-07-22,220.87,USEPUINDXD,Economic_Policy_Uncertainty,Politics
2025-07-23,233.7,USEPUINDXD,Economic_Policy_Uncertainty,Politics
2025-07-24,301.78,USEPUINDXD,Economic_Policy_Uncertainty,Politics
2025-07-25,227.42,USEPUINDXD,Economic_Policy_Uncertainty,Politics
2025-07-26,175.31,USEPUINDXD,Economic_Policy_Uncertainty,Politics
2025-07-27,221.77,USEPUINDXD,Economic_Policy_Uncertainty,Politics
2025-07-28,282.48,USEPUINDXD,Economic_Policy_Uncertainty,Politics
2025-07-29,199.35,USEPUINDXD,Economic_Policy_Uncertainty,Politics
2025-07-30,274.14,USEPUINDXD,Economic_Policy_Uncertainty,Politics
2025-07-31,378.15,USEPUINDXD,Economic_Policy_Uncertainty,Politics
2025-08-01,563.27,USEPUINDXD,Economic_Policy_Uncertainty,Politics
2025-08-02,401.51,USEPUINDXD,Economic_Policy_Uncertainty,Politics
2025-08-03,660.0,USEPUINDXD,Economic_Policy_Uncertainty,Politics
2025-08-04,259.95,USEPUINDXD,Economic_Policy_Uncertainty,Politics
2025-08-05,251.56,USEPUINDXD,Economic_Policy_Uncertainty,Politics
2025-08-06,229.33,USEPUINDXD,Economic_Policy_Uncertainty,Politics
2025-08-07,280.6,USEPUINDXD,Economic_Policy_Uncertainty,Politics
2025-08-08,239.92,USEPUINDXD,Economic_Policy_Uncertainty,Politics
2025-08-09,190.2,USEPUINDXD,Economic_Policy_Uncertainty,Politics
2025-08-10,327.82,USEPUINDXD,Economic_Policy_Uncertainty,Politics
2025-08-11,309.88,USEPUINDXD,Economic_Policy_Uncertainty,Politics
2025-08-12,275.89,USEPUINDXD,Economic_Policy_Uncertainty,Politics
2025-08-13,241.27,USEPUINDXD,Economic_Policy_Uncertainty,Politics
2025-08-14,199.49,USEPUINDXD,Economic_Policy_Uncertainty,Politics
2025-08-15,323.06,USEPUINDXD,Economic_Policy_Uncertainty,Politics
2025-08-16,274.55,USEPUINDXD,Economic_Policy_Uncertainty,Politics
2025-08-17,242.09,USEPUINDXD,Economic_Policy_Uncertainty,Politics
2025-08-18,336.75,USEPUINDXD,Economic_Policy_Uncertainty,Politics
2025-08-19,216.13,USEPUINDXD,Economic_Policy_Uncertainty,Politics
2025-08-20,177.74,USEPUINDXD,Economic_Policy_Uncertainty,Politics
2025-08-21,158.27,USEPUINDXD,Economic_Policy_Uncertainty,Politics
2025-08-22,155.54,USEPUINDXD,Economic_Policy_Uncertainty,Politics
2025-08-23,224.66,USEPUINDXD,Economic_Policy_Uncertainty,Politics
2025-08-24,483.1,USEPUINDXD,Economic_Policy_Uncertainty,Politics
2025-08-25,467.56,USEPUINDXD,Economic_Policy_Uncertainty,Politics
2025-08-26,441.53,USEPUINDXD,Economic_Policy_Uncertainty,Politics
2025-08-27,269.38,USEPUINDXD,Economic_Policy_Uncertainty,Politics
2025-08-28,279.5,USEPUINDXD,Economic_Policy_Uncertainty,Politics
2025-08-29,250.15,USEPUINDXD,Economic_Policy_Uncertainty,Politics
2025-08-30,458.07,USEPUINDXD,Economic_Policy_Uncertainty,Politics
2025-08-31,326.52,USEPUINDXD,Economic_Policy_Uncertainty,Politics
2025-09-01,223.11,USEPUINDXD,Economic_Policy_Uncertainty,Politics
2025-09-02,488.48,USEPUINDXD,Economic_Policy_Uncertainty,Politics
2025-09-03,185.22,USEPUINDXD,Economic_Policy_Uncertainty,Politics
2025-09-04,388.69,USEPUINDXD,Economic_Policy_Uncertainty,Politics
2025-09-05,601.23,USEPUINDXD,Economic_Policy_Uncertainty,Politics
2025-09-06,309.36,USEPUINDXD,Economic_Policy_Uncertainty,Politics
2025-09-07,301.49,USEPUINDXD,Economic_Policy_Uncertainty,Politics
2025-09-08,319.23,USEPUINDXD,Economic_Policy_Uncertainty,Politics
2025-09-09,243.41,USEPUINDXD,Economic_Policy_Uncertainty,Politics
2025-09-10,280.99,USEPUINDXD,Economic_Policy_Uncertainty,Politics
2025-09-11,311.82,USEPUINDXD,Economic_Policy_Uncertainty,Politics
2025-09-12,268.43,USEPUINDXD,Economic_Policy_Uncertainty,Politics
2025-09-13,214.76,USEPUINDXD,Economic_Policy_Uncertainty,Politics
2025-09-14,629.68,USEPUINDXD,Economic_Policy_Uncertainty,Politics
2025-09-15,273.8,USEPUINDXD,Economic_Policy_Uncertainty,Politics
2025-09-16,243.91,USEPUINDXD,Economic_Policy_Uncertainty,Politics
2025-09-17,400.05,USEPUINDXD,Economic_Policy_Uncertainty,Politics
2025-09-18,284.37,USEPUINDXD,Economic_Policy_Uncertainty,Politics
2025-09-19,204.23,USEPUINDXD,Economic_Policy_Uncertainty,Politics
2025-09-20,187.61,USEPUINDXD,Economic_Policy_Uncertainty,Politics
2025-09-21,610.55,USEPUINDXD,Economic_Policy_Uncertainty,Politics
2025-09-22,548.21,USEPUINDXD,Economic_Policy_Uncertainty,Politics
2025-09-23,248.3,USEPUINDXD,Economic_Policy_Uncertainty,Politics
2025-09-24,356.04,USEPUINDXD,Economic_Policy_Uncertainty,Politics
2025-09-25,190.78,USEPUINDXD,Economic_Policy_Uncertainty,Politics
2025-09-26,409.49,USEPUINDXD,Economic_Policy_Uncertainty,Politics
2025-09-27,310.97,USEPUINDXD,Economic_Policy_Uncertainty,Politics
2025-09-28,534.23,USEPUINDXD,Economic_Policy_Uncertainty,Politics
2025-09-29,282.61,USEPUINDXD,Economic_Policy_Uncertainty,Politics
2025-09-30,406.64,USEPUINDXD,Economic_Policy_Uncertainty,Politics
2025-10-01,307.12,USEPUINDXD,Economic_Policy_Uncertainty,Politics
2025-10-02,438.91,USEPUINDXD,Economic_Policy_Uncertainty,Politics
2025-10-03,306.79,USEPUINDXD,Economic_Policy_Uncertainty,Politics
2025-10-04,359.09,USEPUINDXD,Economic_Policy_Uncertainty,Politics
2025-10-05,547.04,USEPUINDXD,Economic_Policy_Uncertainty,Politics
2025-10-06,326.43,USEPUINDXD,Economic_Policy_Uncertainty,Politics
2025-10-07,225.8,USEPUINDXD,Economic_Policy_Uncertainty,Politics
2025-10-08,354.2,USEPUINDXD,Economic_Policy_Uncertainty,Politics
2025-10-09,391.93,USEPUINDXD,Economic_Policy_Uncertainty,Politics
2025-10-10,314.78,USEPUINDXD,Economic_Policy_Uncertainty,Politics
2025-10-11,230.57,USEPUINDXD,Economic_Policy_Uncertainty,Politics
2025-10-12,571.89,USEPUINDXD,Economic_Policy_Uncertainty,Politics
2025-10-13,401.18,USEPUINDXD,Economic_Policy_Uncertainty,Politics
2025-10-14,444.68,USEPUINDXD,Economic_Policy_Uncertainty,Politics
2025-10-15,160.15,USEPUINDXD,Economic_Policy_Uncertainty,Politics
2025-10-16,363.38,USEPUINDXD,Economic_Policy_Uncertainty,Politics
2025-10-17,551.3,USEPUINDXD,Economic_Policy_Uncertainty,Politics
2025-10-18,304.61,USEPUINDXD,Economic_Policy_Uncertainty,Politics
2025-10-19,399.42,USEPUINDXD,Economic_Policy_Uncertainty,Politics
2025-10-20,338.92,USEPUINDXD,Economic_Policy_Uncertainty,Politics
2025-10-21,279.64,USEPUINDXD,Economic_Policy_Uncertainty,Politics
2025-10-22,490.22,USEPUINDXD,Economic_Policy_Uncertainty,Politics
2025-10-23,226.47,USEPUINDXD,Economic_Policy_Uncertainty,Politics
2025-10-24,327.22,USEPUINDXD,Economic_Policy_Uncertainty,Politics
2025-10-25,198.82,USEPUINDXD,Economic_Policy_Uncertainty,Politics
2025-10-26,483.74,USEPUINDXD,Economic_Policy_Uncertainty,Politics
2025-10-27,386.2,USEPUINDXD,Economic_Policy_Uncertainty,Politics
2025-10-28,269.14,USEPUINDXD,Economic_Policy_Uncertainty,Politics
2025-10-29,260.35,USEPUINDXD,Economic_Policy_Uncertainty,Politics
2025-10-30,280.03,USEPUINDXD,Economic_Policy_Uncertainty,Politics
2025-10-31,439.77,USEPUINDXD,Economic_Policy_Uncertainty,Politics
2025-11-01,495.89,USEPUINDXD,Economic_Policy_Uncertainty,Politics
2025-11-02,335.63,USEPUINDXD,Economic_Policy_Uncertainty,Politics
2025-11-03,5.39,USEPUINDXD,Economic_Policy_Uncertainty,Politics
2025-11-04,285.7,USEPUINDXD,Economic_Policy_Uncertainty,Politics
2025-11-05,300.81,USEPUINDXD,Economic_Policy_Uncertainty,Politics
2025-11-06,316.74,USEPUINDXD,Economic_Policy_Uncertainty,Politics
2025-11-07,337.82,USEPUINDXD,Economic_Policy_Uncertainty,Politics
2025-11-08,598.34,USEPUINDXD,Economic_Policy_Uncertainty,Politics
2025-11-09,494.36,USEPUINDXD,Economic_Policy_Uncertainty,Politics
2025-11-10,473.61,USEPUINDXD,Economic_Policy_Uncertainty,Politics
2025-11-11,332.87,USEPUINDXD,Economic_Policy_Uncertainty,Politics
2025-11-12,224.47,USEPUINDXD,Economic_Policy_Uncertainty,Politics
2025-11-13,475.99,USEPUINDXD,Economic_Policy_Uncertainty,Politics
2025-11-14,302.37,USEPUINDXD,Economic_Policy_Uncertainty,Politics
2025-11-15,255.94,USEPUINDXD,Economic_Policy_Uncertainty,Politics
2025-11-16,403.64,USEPUINDXD,Economic_Policy_Uncertainty,Politics
2025-11-17,575.78,USEPUINDXD,Economic_Policy_Uncertainty,Politics
2025-11-18,617.41,USEPUINDXD,Economic_Policy_Uncertainty,Politics
2025-11-19,226.6,USEPUINDXD,Economic_Policy_Uncertainty,Politics
2025-11-20,312.65,USEPUINDXD,Economic_Policy_Uncertainty,Politics
2025-11-21,265.43,USEPUINDXD,Economic_Policy_Uncertainty,Politics
2025-11-22,182.64,USEPUINDXD,Economic_Policy_Uncertainty,Politics
2025-11-23,354.59,USEPUINDXD,Economic_Policy_Uncertainty,Politics
2025-11-24,199.1,USEPUINDXD,Economic_Policy_Uncertainty,Politics
2025-11-25,323.74,USEPUINDXD,Economic_Policy_Uncertainty,Politics
2025-11-26,231.59,USEPUINDXD,Economic_Policy_Uncertainty,Politics
2025-11-27,334.67,USEPUINDXD,Economic_Policy_Uncertainty,Politics
2025-11-28,323.26,USEPUINDXD,Economic_Policy_Uncertainty,Politics
2025-11-29,168.25,USEPUINDXD,Economic_Policy_Uncertainty,Politics
2025-11-30,321.03,USEPUINDXD,Economic_Policy_Uncertainty,Politics
2025-12-01,257.88,USEPUINDXD,Economic_Policy_Uncertainty,Politics
2025-12-02,292.27,USEPUINDXD,Economic_Policy_Uncertainty,Politics
2025-12-03,357.52,USEPUINDXD,Economic_Policy_Uncertainty,Politics
2025-12-04,520.11,USEPUINDXD,Economic_Policy_Uncertainty,Politics
2025-12-05,236.11,USEPUINDXD,Economic_Policy_Uncertainty,Politics
2025-12-06,113.63,USEPUINDXD,Economic_Policy_Uncertainty,Politics
2025-12-07,354.92,USEPUINDXD,Economic_Policy_Uncertainty,Politics
2025-12-08,483.24,USEPUINDXD,Economic_Policy_Uncertainty,Politics
2025-12-09,583.98,USEPUINDXD,Economic_Policy_Uncertainty,Politics
2025-12-10,336.6,USEPUINDXD,Economic_Policy_Uncertainty,Politics
2025-12-11,524.45,USEPUINDXD,Economic_Policy_Uncertainty,Politics
2025-12-12,355.26,USEPUINDXD,Economic_Policy_Uncertainty,Politics
2025-12-13,629.56,USEPUINDXD,Economic_Policy_Uncertainty,Politics
2025-12-14,418.09,USEPUINDXD,Economic_Policy_Uncertainty,Politics
2025-12-15,254.98,USEPUINDXD,Economic_Policy_Uncertainty,Politics
2025-12-16,258.94,USEPUINDXD,Economic_Policy_Uncertainty,Politics
2025-12-17,230.87,USEPUINDXD,Economic_Policy_Uncertainty,Politics
2025-12-18,350.41,USEPUINDXD,Economic_Policy_Uncertainty,Politics
2025-12-19,313.6,USEPUINDXD,Economic_Policy_Uncertainty,Politics
2025-12-20,283.5,USEPUINDXD,Economic_Policy_Uncertainty,Politics
2025-12-21,547.81,USEPUINDXD,Economic_Policy_Uncertainty,Politics
2025-12-22,238.58,USEPUINDXD,Economic_Policy_Uncertainty,Politics
2025-12-23,264.35,USEPUINDXD,Economic_Policy_Uncertainty,Politics
2025-12-24,204.03,USEPUINDXD,Economic_Policy_Uncertainty,Politics
2025-12-25,181.39,USEPUINDXD,Economic_Policy_Uncertainty,Politics
2025-12-26,513.83,USEPUINDXD,Economic_Policy_Uncertainty,Politics
2025-12-27,281.48,USEPUINDXD,Economic_Policy_Uncertainty,Politics
2025-12-28,462.89,USEPUINDXD,Economic_Policy_Uncertainty,Politics
2025-12-29,445.72,USEPUINDXD,Economic_Policy_Uncertainty,Politics
2025-12-30,305.8,USEPUINDXD,Economic_Policy_Uncertainty,Politics
2025-12-31,307.63,USEPUINDXD,Economic_Policy_Uncertainty,Politics
2026-01-01,288.09,USEPUINDXD,Economic_Policy_Uncertainty,Politics
2026-01-02,296.92,USEPUINDXD,Economic_Policy_Uncertainty,Politics
2026-01-03,314.9,USEPUINDXD,Economic_Policy_Uncertainty,Politics
2026-01-04,552.46,USEPUINDXD,Economic_Policy_Uncertainty,Politics
2026-01-05,539.83,USEPUINDXD,Economic_Policy_Uncertainty,Politics
2026-01-06,251.35,USEPUINDXD,Economic_Policy_Uncertainty,Politics
2026-01-07,253.69,USEPUINDXD,Economic_Policy_Uncertainty,Politics
2026-01-08,474.73,USEPUINDXD,Economic_Policy_Uncertainty,Politics
2026-01-09,231.37,USEPUINDXD,Economic_Policy_Uncertainty,Politics
2026-01-10,310.71,USEPUINDXD,Economic_Policy_Uncertainty,Politics
2026-01-11,375.53,USEPUINDXD,Economic_Policy_Uncertainty,Politics
2026-01-12,281.74,USEPUINDXD,Economic_Policy_Uncertainty,Politics
2026-01-13,357.58,USEPUINDXD,Economic_Policy_Uncertainty,Politics
2026-01-14,369.14,USEPUINDXD,Economic_Policy_Uncertainty,Politics
2026-01-15,409.97,USEPUINDXD,Economic_Policy_Uncertainty,Politics
2026-01-16,257.45,USEPUINDXD,Economic_Policy_Uncertainty,Politics
2026-01-17,193.48,USEPUINDXD,Economic_Policy_Uncertainty,Politics
2026-01-18,349.32,USEPUINDXD,Economic_Policy_Uncertainty,Politics
2026-01-19,355.15,USEPUINDXD,Economic_Policy_Uncertainty,Politics
2026-01-20,360.3,USEPUINDXD,Economic_Policy_Uncertainty,Politics
2026-01-21,541.38,USEPUINDXD,Economic_Policy_Uncertainty,Politics
2026-01-22,474.48,USEPUINDXD,Economic_Policy_Uncertainty,Politics
2026-01-23,308.57,USEPUINDXD,Economic_Policy_Uncertainty,Politics
2026-01-24,410.43,USEPUINDXD,Economic_Policy_Uncertainty,Politics
2026-01-25,547.97,USEPUINDXD,Economic_Policy_Uncertainty,Politics
2026-01-26,289.49,USEPUINDXD,Economic_Policy_Uncertainty,Politics
2026-01-27,402.55,USEPUINDXD,Economic_Policy_Uncertainty,Politics
2026-01-28,343.94,USEPUINDXD,Economic_Policy_Uncertainty,Politics
2026-01-29,248.94,USEPUINDXD,Economic_Policy_Uncertainty,Politics
2026-01-30,211.46,USEPUINDXD,Economic_Policy_Uncertainty,Politics
2026-01-31,239.36,USEPUINDXD,Economic_Policy_Uncertainty,Politics
2026-02-01,298.23,USEPUINDXD,Economic_Policy_Uncertainty,Politics
2026-02-02,196.39,USEPUINDXD,Economic_Policy_Uncertainty,Politics
2026-02-03,321.6,USEPUINDXD,Economic_Policy_Uncertainty,Politics
2026-02-04,303.36,USEPUINDXD,Economic_Policy_Uncertainty,Politics
2026-02-05,291.35,USEPUINDXD,Economic_Policy_Uncertainty,Politics
2026-02-06,176.17,USEPUINDXD,Economic_Policy_Uncertainty,Politics
2026-02-07,523.6,USEPUINDXD,Economic_Policy_Uncertainty,Politics
2026-02-08,486.27,USEPUINDXD,Economic_Policy_Uncertainty,Politics
2026-02-09,221.9,USEPUINDXD,Economic_Policy_Uncertainty,Politics
2026-02-10,205.87,USEPUINDXD,Economic_Policy_Uncertainty,Politics
2026-02-11,251.66,USEPUINDXD,Economic_Policy_Uncertainty,Politics
2026-02-12,438.29,USEPUINDXD,Economic_Policy_Uncertainty,Politics
2026-02-13,337.34,USEPUINDXD,Economic_Policy_Uncertainty,Politics
2026-02-14,361.7,USEPUINDXD,Economic_Policy_Uncertainty,Politics
2026-02-15,343.98,USEPUINDXD,Economic_Policy_Uncertainty,Politics
2026-02-16,280.85,USEPUINDXD,Economic_Policy_Uncertainty,Politics
2026-02-17,278.08,USEPUINDXD,Economic_Policy_Uncertainty,Politics
2026-02-18,238.41,USEPUINDXD,Economic_Policy_Uncertainty,Politics
2026-02-19,493.8,USEPUINDXD,Economic_Policy_Uncertainty,Politics
2026-02-20,473.44,USEPUINDXD,Economic_Policy_Uncertainty,Politics
2026-02-21,412.53,USEPUINDXD,Economic_Policy_Uncertainty,Politics
2026-02-22,625.08,USEPUINDXD,Economic_Policy_Uncertainty,Politics
2026-02-23,695.45,USEPUINDXD,Economic_Policy_Uncertainty,Politics
2026-02-24,672.5,USEPUINDXD,Economic_Policy_Uncertainty,Politics
2026-02-25,369.27,USEPUINDXD,Economic_Policy_Uncertainty,Politics
2026-02-26,319.09,USEPUINDXD,Economic_Policy_Uncertainty,Politics
2026-02-27,320.15,USEPUINDXD,Economic_Policy_Uncertainty,Politics
2026-02-28,150.05,USEPUINDXD,Economic_Policy_Uncertainty,Politics
2026-03-01,380.69,USEPUINDXD,Economic_Policy_Uncertainty,Politics
2026-03-02,440.29,USEPUINDXD,Economic_Policy_Uncertainty,Politics
2026-03-03,544.62,USEPUINDXD,Economic_Policy_Uncertainty,Politics
2026-03-04,230.31,USEPUINDXD,Economic_Policy_Uncertainty,Politics
2026-03-05,387.92,USEPUINDXD,Economic_Policy_Uncertainty,Politics
2026-03-06,466.69,USEPUINDXD,Economic_Policy_Uncertainty,Politics
2026-03-07,392.88,USEPUINDXD,Economic_Policy_Uncertainty,Politics
2026-03-08,763.29,USEPUINDXD,Economic_Policy_Uncertainty,Politics
2026-03-09,479.74,USEPUINDXD,Economic_Policy_Uncertainty,Politics
2026-03-10,288.44,USEPUINDXD,Economic_Policy_Uncertainty,Politics
2026-03-11,420.76,USEPUINDXD,Economic_Policy_Uncertainty,Politics
2026-03-12,362.89,USEPUINDXD,Economic_Policy_Uncertainty,Politics
2026-03-13,450.36,USEPUINDXD,Economic_Policy_Uncertainty,Politics
2026-03-14,433.7,USEPUINDXD,Economic_Policy_Uncertainty,Politics
2026-03-15,486.49,USEPUINDXD,Economic_Policy_Uncertainty,Politics
2026-03-16,243.05,USEPUINDXD,Economic_Policy_Uncertainty,Politics
2026-03-17,325.21,USEPUINDXD,Economic_Policy_Uncertainty,Politics
2026-03-18,347.7,USEPUINDXD,Economic_Policy_Uncertainty,Politics
2026-03-19,372.46,USEPUINDXD,Economic_Policy_Uncertainty,Politics
2026-03-20,308.76,USEPUINDXD,Economic_Policy_Uncertainty,Politics
2026-03-21,492.11,USEPUINDXD,Economic_Policy_Uncertainty,Politics
2026-03-22,535.47,USEPUINDXD,Economic_Policy_Uncertainty,Politics
2026-03-23,348.81,USEPUINDXD,Economic_Policy_Uncertainty,Politics
2026-03-24,494.5,USEPUINDXD,Economic_Policy_Uncertainty,Politics
2026-03-25,273.75,USEPUINDXD,Economic_Policy_Uncertainty,Politics
2026-03-26,509.77,USEPUINDXD,Economic_Policy_Uncertainty,Politics
2026-03-27,301.58,USEPUINDXD,Economic_Policy_Uncertainty,Politics
2026-03-28,271.21,USEPUINDXD,Economic_Policy_Uncertainty,Politics
2026-03-29,475.14,USEPUINDXD,Economic_Policy_Uncertainty,Politics
2026-03-30,381.86,USEPUINDXD,Economic_Policy_Uncertainty,Politics
2026-03-31,383.38,USEPUINDXD,Economic_Policy_Uncertainty,Politics
2026-04-01,359.72,USEPUINDXD,Economic_Policy_Uncertainty,Politics
2026-04-02,268.47,USEPUINDXD,Economic_Policy_Uncertainty,Politics
2026-04-03,392.85,USEPUINDXD,Economic_Policy_Uncertainty,Politics
2026-04-04,294.11,USEPUINDXD,Economic_Policy_Uncertainty,Politics
2026-04-05,697.34,USEPUINDXD,Economic_Policy_Uncertainty,Politics
2026-04-06,255.85,USEPUINDXD,Economic_Policy_Uncertainty,Politics
2026-04-07,242.86,USEPUINDXD,Economic_Policy_Uncertainty,Politics
2026-04-08,245.51,USEPUINDXD,Economic_Policy_Uncertainty,Politics
2026-04-09,293.55,USEPUINDXD,Economic_Policy_Uncertainty,Politics
2026-04-10,266.58,USEPUINDXD,Economic_Policy_Uncertainty,Politics
2026-04-11,822.43,USEPUINDXD,Economic_Policy_Uncertainty,Politics
2026-04-12,353.4,USEPUINDXD,Economic_Policy_Uncertainty,Politics
2026-04-13,383.1,USEPUINDXD,Economic_Policy_Uncertainty,Politics
2026-04-14,412.1,USEPUINDXD,Economic_Policy_Uncertainty,Politics
2026-04-15,276.31,USEPUINDXD,Economic_Policy_Uncertainty,Politics
2026-04-16,262.82,USEPUINDXD,Economic_Policy_Uncertainty,Politics
2026-04-17,266.55,USEPUINDXD,Economic_Policy_Uncertainty,Politics
2026-04-18,295.14,USEPUINDXD,Economic_Policy_Uncertainty,Politics
2026-04-19,379.79,USEPUINDXD,Economic_Policy_Uncertainty,Politics
2026-04-20,329.9,USEPUINDXD,Economic_Policy_Uncertainty,Politics
2026-04-21,197.66,USEPUINDXD,Economic_Policy_Uncertainty,Politics
2026-04-22,208.63,USEPUINDXD,Economic_Policy_Uncertainty,Politics
2026-04-23,455.4,USEPUINDXD,Economic_Policy_Uncertainty,Politics
2026-04-24,251.17,USEPUINDXD,Economic_Policy_Uncertainty,Politics
2026-04-25,562.18,USEPUINDXD,Economic_Policy_Uncertainty,Politics
2026-04-26,201.83,USEPUINDXD,Economic_Policy_Uncertainty,Politics
2026-04-27,337.27,USEPUINDXD,Economic_Policy_Uncertainty,Politics
2026-04-28,387.67,USEPUINDXD,Economic_Policy_Uncertainty,Politics
2026-04-29,281.95,USEPUINDXD,Economic_Policy_Uncertainty,Politics
2026-04-30,386.28,USEPUINDXD,Economic_Policy_Uncertainty,Politics
2026-05-01,501.82,USEPUINDXD,Economic_Policy_Uncertainty,Politics
2026-05-02,1048.95,USEPUINDXD,Economic_Policy_Uncertainty,Politics
2026-05-03,345.81,USEPUINDXD,Economic_Policy_Uncertainty,Politics
2026-05-04,366.58,USEPUINDXD,Economic_Policy_Uncertainty,Politics
2026-05-05,529.17,USEPUINDXD,Economic_Policy_Uncertainty,Politics
2026-05-06,270.75,USEPUINDXD,Economic_Policy_Uncertainty,Politics
2026-05-07,318.06,USEPUINDXD,Economic_Policy_Uncertainty,Politics
2026-05-08,266.15,USEPUINDXD,Economic_Policy_Uncertainty,Politics
2026-05-09,697.6,USEPUINDXD,Economic_Policy_Uncertainty,Politics
2026-05-10,521.39,USEPUINDXD,Economic_Policy_Uncertainty,Politics
2026-05-11,321.42,USEPUINDXD,Economic_Policy_Uncertainty,Politics
2026-05-12,296.0,USEPUINDXD,Economic_Policy_Uncertainty,Politics
2026-05-13,237.41,USEPUINDXD,Economic_Policy_Uncertainty,Politics
2026-05-14,217.04,USEPUINDXD,Economic_Policy_Uncertainty,Politics
2026-05-15,379.11,USEPUINDXD,Economic_Policy_Uncertainty,Politics
2026-05-16,391.84,USEPUINDXD,Economic_Policy_Uncertainty,Politics
2026-05-17,470.06,USEPUINDXD,Economic_Policy_Uncertainty,Politics
2026-05-18,323.85,USEPUINDXD,Economic_Policy_Uncertainty,Politics
2026-05-19,402.88,USEPUINDXD,Economic_Policy_Uncertainty,Politics
2026-05-20,424.08,USEPUINDXD,Economic_Policy_Uncertainty,Politics
2026-05-21,226.92,USEPUINDXD,Economic_Policy_Uncertainty,Politics
2026-05-22,306.79,USEPUINDXD,Economic_Policy_Uncertainty,Politics
2026-05-23,230.67,USEPUINDXD,Economic_Policy_Uncertainty,Politics
2026-05-24,375.49,USEPUINDXD,Economic_Policy_Uncertainty,Politics
2026-05-25,317.79,USEPUINDXD,Economic_Policy_Uncertainty,Politics
2026-05-26,187.99,USEPUINDXD,Economic_Policy_Uncertainty,Politics
2026-05-27,325.98,USEPUINDXD,Economic_Policy_Uncertainty,Politics
2026-05-28,279.84,USEPUINDXD,Economic_Policy_Uncertainty,Politics
2026-05-29,350.79,USEPUINDXD,Economic_Policy_Uncertainty,Politics
2026-05-30,215.37,USEPUINDXD,Economic_Policy_Uncertainty,Politics
2026-05-31,388.99,USEPUINDXD,Economic_Policy_Uncertainty,Politics
2026-06-01,235.53,USEPUINDXD,Economic_Policy_Uncertainty,Politics
2026-06-02,221.74,USEPUINDXD,Economic_Policy_Uncertainty,Politics
2026-06-03,458.38,USEPUINDXD,Economic_Policy_Uncertainty,Politics
2026-06-04,363.49,USEPUINDXD,Economic_Policy_Uncertainty,Politics
2026-06-05,229.74,USEPUINDXD,Economic_Policy_Uncertainty,Politics
2026-06-06,358.2,USEPUINDXD,Economic_Policy_Uncertainty,Politics
2026-06-07,338.37,USEPUINDXD,Economic_Policy_Uncertainty,Politics
2026-06-08,378.26,USEPUINDXD,Economic_Policy_Uncertainty,Politics
2026-06-09,277.0,USEPUINDXD,Economic_Policy_Uncertainty,Politics
2026-06-10,186.33,USEPUINDXD,Economic_Policy_Uncertainty,Politics
2026-06-11,257.2,USEPUINDXD,Economic_Policy_Uncertainty,Politics
2026-06-12,221.33,USEPUINDXD,Economic_Policy_Uncertainty,Politics
2026-06-13,227.33,USEPUINDXD,Economic_Policy_Uncertainty,Politics
2026-06-14,282.01,USEPUINDXD,Economic_Policy_Uncertainty,Politics
2026-06-15,378.31,USEPUINDXD,Economic_Policy_Uncertainty,Politics
2026-06-16,491.42,USEPUINDXD,Economic_Policy_Uncertainty,Politics
2026-06-17,333.6,USEPUINDXD,Economic_Policy_Uncertainty,Politics
2026-06-18,424.73,USEPUINDXD,Economic_Policy_Uncertainty,Politics
2026-06-19,558.3,USEPUINDXD,Economic_Policy_Uncertainty,Politics
2026-06-20,372.65,USEPUINDXD,Economic_Policy_Uncertainty,Politics
2026-06-21,507.35,USEPUINDXD,Economic_Policy_Uncertainty,Politics
2026-06-22,372.0,USEPUINDXD,Economic_Policy_Uncertainty,Politics
2026-06-23,399.9,USEPUINDXD,Economic_Policy_Uncertainty,Politics
2026-06-24,463.97,USEPUINDXD,Economic_Policy_Uncertainty,Politics
2026-06-25,273.74,USEPUINDXD,Economic_Policy_Uncertainty,Politics
2026-06-26,252.68,USEPUINDXD,Economic_Policy_Uncertainty,Politics
2026-06-27,287.41,USEPUINDXD,Economic_Policy_Uncertainty,Politics
2026-06-28,954.32,USEPUINDXD,Economic_Policy_Uncertainty,Politics
2026-06-29,206.62,USEPUINDXD,Economic_Policy_Uncertainty,Politics
2026-06-30,333.2,USEPUINDXD,Economic_Policy_Uncertainty,Politics
2026-07-01,208.64,USEPUINDXD,Economic_Policy_Uncertainty,Politics
2026-07-02,172.97,USEPUINDXD,Economic_Policy_Uncertainty,Politics
2026-07-03,166.01,USEPUINDXD,Economic_Policy_Uncertainty,Politics
2026-07-04,332.25,USEPUINDXD,Economic_Policy_Uncertainty,Politics
2026-07-05,301.16,USEPUINDXD,Economic_Policy_Uncertainty,Politics
2026-07-06,243.91,USEPUINDXD,Economic_Policy_Uncertainty,Politics
2026-07-07,254.48,USEPUINDXD,Economic_Policy_Uncertainty,Politics
2026-07-08,190.07,USEPUINDXD,Economic_Policy_Uncertainty,Politics
2026-07-09,282.56,USEPUINDXD,Economic_Policy_Uncertainty,Politics
2026-07-10,229.17,USEPUINDXD,Economic_Policy_Uncertainty,Politics
2026-07-11,266.23,USEPUINDXD,Economic_Policy_Uncertainty,Politics
2026-07-12,326.25,USEPUINDXD,Economic_Policy_Uncertainty,Politics
2026-07-13,224.45,USEPUINDXD,Economic_Policy_Uncertainty,Politics
2026-07-14,300.42,USEPUINDXD,Economic_Policy_Uncertainty,Politics
2026-07-15,294.46,USEPUINDXD,Economic_Policy_Uncertainty,Politics
2026-07-16,283.91,USEPUINDXD,Economic_Policy_Uncertainty,Politics
2026-07-17,371.07,USEPUINDXD,Economic_Policy_Uncertainty,Politics
2026-07-18,487.27,USEPUINDXD,Economic_Policy_Uncertainty,Politics
2026-07-19,196.77,USEPUINDXD,Economic_Policy_Uncertainty,Politics
2026-07-20,379.81,USEPUINDXD,Economic_Policy_Uncertainty,Politics
2026-07-21,362.66,USEPUINDXD,Economic_Policy_Uncertainty,Politics
2026-07-22,155.14,USEPUINDXD,Economic_Policy_Uncertainty,Politics
2026-07-23,194.17,USEPUINDXD,Economic_Policy_Uncertainty,Politics
2026-07-24,724.33,USEPUINDXD,Economic_Policy_Uncertainty,Politics
2026-07-25,289.96,USEPUINDXD,Economic_Policy_Uncertainty,Politics
2026-07-26,243.31,USEPUINDXD,Economic_Policy_Uncertainty,Politics
2026-07-27,325.48,USEPUINDXD,Economic_Policy_Uncertainty,Politics
2026-07-28,270.32,USEPUINDXD,Economic_Policy_Uncertainty,Politics
2026-07-29,234.76,USEPUINDXD,Economic_Policy_Uncertainty,Politics
2026-07-30,338.08,USEPUINDXD,Economic_Policy_Uncertainty,Politics
2026-07-31,251.66,USEPUINDXD,Economic_Policy_Uncertainty,Politics
2026-08-01,218.95,USEPUINDXD,Economic_Policy_Uncertainty,Politics
2026-08-02,358.41,USEPUINDXD,Economic_Policy_Uncertainty,Politics
2026-08-03,186.26,USEPUINDXD,Economic_Policy_Uncertainty,Politics
2026-08-04,386.22,USEPUINDXD,Economic_Policy_Uncertainty,Politics
2026-08-05,307.92,USEPUINDXD,Economic_Policy_Uncertainty,Politics
2026-08-06,262.24,USEPUINDXD,Economic_Policy_Uncertainty,Politics
2026-08-07,332.13,USEPUINDXD,Economic_Policy_Uncertainty,Politics
2026-08-08,134.74,USEPUINDXD,Economic_Policy_Uncertainty,Politics
2026-08-09,331.67,USEPUINDXD,Economic_Policy_Uncertainty,Politics
2026-08-10,287.04,USEPUINDXD,Economic_Policy_Uncertainty,Politics
2026-08-11,214.16,USEPUINDXD,Economic_Policy_Uncertainty,Politics
2026-08-12,289.85,USEPUINDXD,Economic_Policy_Uncertainty,Politics
2026-08-13,193.83,USEPUINDXD,Economic_Policy_Uncertainty,Politics
2026-08-14,216.4,USEPUINDXD,Economic_Policy_Uncertainty,Politics
2026-08-15,173.09,USEPUINDXD,Economic_Policy_Uncertainty,Politics
2026-08-16,305.67,USEPUINDXD,Economic_Policy_Uncertainty,Politics
2026-08-17,154.0,USEPUINDXD,Economic_Policy_Uncertainty,Politics
2026-08-18,211.22,USEPUINDXD,Economic_Policy_Uncertainty,Politics
2026-08-19,133.01,USEPUINDXD,Economic_Policy_Uncertainty,Politics
2026-08-20,222.92,USEPUINDXD,Economic_Policy_Uncertainty,Politics
2026-08-21,153.23,USEPUINDXD,Economic_Policy_Uncertainty,Politics
2026-08-22,173.98,USEPUINDXD,Economic_Policy_Uncertainty,Politics
2026-08-23,257.58,USEPUINDXD,Economic_Policy_Uncertainty,Politics
2026-08-24,345.18,USEPUINDXD,Economic_Policy_Uncertainty,Politics
2026-08-25,172.51,USEPUINDXD,Economic_Policy_Uncertainty,Politics
2026-08-26,266.19,USEPUINDXD,Economic_Policy_Uncertainty,Politics
2026-08-27,163.99,USEPUINDXD,Economic_Policy_Uncertainty,Politics
2026-08-28,180.55,USEPUINDXD,Economic_Policy_Uncertainty,Politics
2026-08-29,103.08,USEPUINDXD,Economic_Policy_Uncertainty,Politics
2026-08-30,261.64,USEPUINDXD,Economic_Policy_Uncertainty,Politics
2026-08-31,268.06,USEPUINDXD,Economic_Policy_Uncertainty,Politics
2026-09-01,197.21,USEPUINDXD,Economic_Policy_Uncertainty,Politics
2026-09-02,241.68,USEPUINDXD,Economic_Policy_Uncertainty,Politics
2026-09-03,246.85,USEPUINDXD,Economic_Policy_Uncertainty,Politics
2026-09-04,199.4,USEPUINDXD,Economic_Policy_Uncertainty,Politics
2026-09-05,635.25,USEPUINDXD,Economic_Policy_Uncertainty,Politics
2026-09-06,699.52,USEPUINDXD,Economic_Policy_Uncertainty,Politics
2026-09-07,454.76,USEPUINDXD,Economic_Policy_Uncertainty,Politics
2026-09-08,251.07,USEPUINDXD,Economic_Policy_Uncertainty,Politics
2026-09-09,268.73,USEPUINDXD,Economic_Policy_Uncertainty,Politics
2026-09-10,470.05,USEPUINDXD,Economic_Policy_Uncertainty,Politics
2026-09-11,491.86,USEPUINDXD,Economic_Policy_Uncertainty,Politics
2026-09-12,209.13,USEPUINDXD,Economic_Policy_Uncertainty,Politics
2026-09-13,425.0,USEPUINDXD,Economic_Policy_Uncertainty,Politics
2026-09-14,193.73,USEPUINDXD,Economic_Policy_Uncertainty,Politics
2026-09-15,256.32,USEPUINDXD,Economic_Policy_Uncertainty,Politics
2026-09-16,106.54,USEPUINDXD,Economic_Policy_Uncertainty,Politics
